Company Name,Time Period,Stock Price,Percentage Return,Total Income From Operations,Consumption of Raw Materials,Employees Cost,Depreciation,Other Expenses,Other Income,Interest,Tax,Net Profit/(Loss) For the Period,Equity Share Capital,Basic EPS Before Extra Ordinary,Diluted EPS Before Extra Ordinary,Basic EPS After Extra Ordinary,Diluted EPS After Extra Ordinary,Crude Oil Price,GDP
Tata Motors Limited,Mar '14,35.41,0.1497,"8,545.49","5,018.20",713.01,539.29,"1,947.25",148.24,322.56,-600.32,-816.61,643.78,-2.54,-2.54,-2.54,-2.54,105.9,2377153.849
Tata Motors Limited,Jun '14,39.06,0.1031,"7,704.76","5,105.01",739.55,540.82,"1,814.10","1,597.19",339.8,,393.65,643.78,1.22,1.22,1.22,1.22,105.75,2379355.815
Tata Motors Limited,Sep '14,43.71,0.119,"8,749.62","5,297.36",751,613.47,"1,943.91",142.71,344.82,738.26,"-1,845.63",643.78,-5.73,-5.73,-5.73,-5.73,87.12,2457010.248
Tata Motors Limited,Dec '14,42.28,-0.0327,"9,056.08","5,523.45",764.71,625.6,"2,438.66",58.44,418.41,18.14,"-2,122.72",643.78,-6.6,-6.6,-6.6,-6.6,54.74,2498611.783
Tata Motors Limited,Mar '15,45.06,0.0658,"10,784.28","6,229.41",836.2,823.33,"2,358.93",83.07,470.91,7.83,"-1,164.25",643.78,-3.62,-3.62,-3.62,-3.62,59.36,2560191
Tata Motors Limited,Jun '15,34.47,-0.235,"10,400.35","5,724.51",808.25,580.3,"3,014.24",907.15,434.98,42.16,289.84,679.18,0.86,0.86,0.86,0.86,55.12,2578225
Tata Motors Limited,Sep '15,22.5,-0.3473,"10,693.69","6,275.54",769.49,591.96,"2,062.85",214.95,367.16,16.74,-288.79,679.18,-0.85,-0.85,-0.85,-0.85,45.09,2637004
Tata Motors Limited,Dec '15,29.47,0.3098,"10,041.79","5,670.79",824.98,590.98,"1,943.81",493.9,357.16,-2.43,-136.82,679.18,-0.4,-0.4,-0.4,-0.4,31.43,2716448
Tata Motors Limited,Mar '16,29.05,-0.0143,"12,799.68","7,326.56",785.36,565.98,"2,680.48",110.79,433.59,-61.27,397.95,679.18,1.16,1.16,1.26,1.26,40.44,2798726.369
Tata Motors Limited,Jun '16,34.67,0.1935,"10,319.55","6,783.85",898.25,712.24,"2,207.27",624.55,340.07,12.12,25.75,679.18,0.06,0.06,0.06,0.06,44.96,2791993.716
Tata Motors Limited,Sep '16,39.98,0.1532,"10,322.45","6,560.47",881.7,718.57,"1,957.38",146.02,372.77,21.84,-630.76,679.18,-1.86,-1.86,-1.86,-1.86,46.06,2835614.058
Tata Motors Limited,Dec '16,34.39,-0.1398,"10,219.85","6,647.44",845.35,728.96,"2,036.99",93.95,413.73,14.33,"-1,045.94",679.22,-3.08,-3.08,-3.08,-3.08,53.89,2901950.786
Tata Motors Limited,Mar '17,35.65,0.0366,"13,586.68","7,662.64",932.53,809.62,"2,704.73",114.32,454.52,10.93,-829.04,679.22,-2.44,-2.44,-2.44,-2.44,51.51,2938107.454
Tata Motors Limited,Jun '17,33.01,-0.0741,"9,094.34","6,050.71",888.57,674.78,"2,058.61",639.93,367.83,0.2,-467.05,679.22,-1.38,-1.38,-1.38,-1.38,48.35,2946670.048
Tata Motors Limited,Sep '17,31.27,-0.0527,"13,887.78","8,651.02",885.38,750.63,"2,085.15",141.88,444.1,29.41,-295.3,679.22,-0.87,-0.87,-0.87,-0.87,57.3,3032795.021
Tata Motors Limited,Dec '17,33.07,0.0576,"16,101.60","10,268.60",929.3,768.87,"2,229.02",91.89,501.04,16.94,183.65,679.22,0.53,0.53,0.53,0.53,64.3,3116597.991
Tata Motors Limited,Mar '18,25.7,-0.2229,"19,779.32","12,110.29","1,103.60",856.17,"3,634.74",677.02,446.43,26.21,-499.94,679.22,-1.47,-1.47,-1.47,-1.47,69.42,3147143.007
Tata Motors Limited,Jun '18,19.55,-0.2393,"16,803.11","11,582.55","1,032.92",705.15,"2,424.86","1,393.47",493.23,276.5,"1,187.65",679.22,3.48,3.48,3.48,3.48,73.28,3127552.992
Tata Motors Limited,Sep '18,15.36,-0.2143,"17,758.69","11,427.74","1,045.40",754.05,"2,952.86",343.87,443.12,41.21,109.14,679.22,0.31,0.31,0.31,0.31,74.46,3193097.227
Tata Motors Limited,Dec '18,12.18,-0.207,"16,207.67","10,449.56","1,060.11",766.83,"2,051.84",269.4,468.08,-98.7,617.62,679.22,1.8,1.8,1.8,1.8,60.53,3266006.55
Tata Motors Limited,Mar '19,12.56,0.0312,"18,561.41","10,288.92","1,134.67",872.61,"2,750.48",419.8,389.14,159.32,106.19,679.22,0.3,0.3,0.4,0.4,69.25,3287871.77
Tata Motors Limited,Jun '19,11.68,-0.0701,"13,351.91","9,401.53","1,149.34",777.05,"2,134.85",401.2,439.49,49.43,-97.1,679.22,-0.29,-0.29,-0.29,-0.29,61.78,3256509.346
Tata Motors Limited,Sep '19,8.39,-0.2817,"10,000.48","5,530.68","1,067.09",760.65,"2,204.66",361.42,497.92,11.98,"-1,281.97",679.22,-3.78,-3.78,-3.78,-3.78,61.32,3297491.819
Tata Motors Limited,Dec '19,12.77,0.5221,"10,842.91","5,697.52","1,018.27",853.46,"2,082.67",351.51,478.54,15.66,"-1,039.51",719.54,-3.01,-3.01,-3.01,-3.01,61.48,3377602.651
Maruti Suzuki India Limited,Mar '14,1971.75,0.1178,"12,101.39","8,066.32",401.01,563.69,"1,574.60",406.62,43.43,246.98,800.05,151.04,26.48,26.48,26.48,26.48,105.9,2377153.849
Maruti Suzuki India Limited,Jun '14,2439.35,0.2371,"11,369.64","7,702.09",353.51,583.64,"1,503.62",296.53,38.55,240.26,762.28,151.04,25.23,25.23,25.23,25.23,105.75,2379355.815
Maruti Suzuki India Limited,Sep '14,3062.85,0.2556,"12,303.78","8,566.99",369.82,598.85,"1,638.26",193.25,34.79,217.91,862.54,151.04,28.55,28.55,28.55,28.55,87.12,2457010.248
Maruti Suzuki India Limited,Dec '14,3329.8,0.0872,"12,575.77","7,887.46",375.02,627.84,"1,782.09",128.95,30.02,261.52,802.16,151.04,26.55,26.55,26.55,26.55,54.74,2498611.783
Maruti Suzuki India Limited,Mar '15,3697.35,0.1104,"13,624.84","8,642.12",508.2,660,"1,729.60",319.9,102.66,437.29,"1,284.24",151.04,42.51,42.51,42.51,42.51,59.36,2560191
Maruti Suzuki India Limited,Jun '15,4023.35,0.0882,"13,376.90","8,151.00",467.7,671.6,"1,727.90",206.5,19,475.1,"1,208.10",151,39.99,39.99,39.99,39.99,55.12,2578225
Maruti Suzuki India Limited,Sep '15,4685.6,0.1646,"15,699.70","9,260.10",411.2,669.4,"3,771.40",473.6,17.8,534.8,"1,497.00",151,49.56,49.56,49.56,49.56,45.09,2637004
Maruti Suzuki India Limited,Dec '15,4621.95,-0.0136,"15,013.20","8,614.30",502.1,722.1,"2,072.70",242.5,24.4,458.2,"1,183.00",151,39.16,39.16,39.16,39.16,31.43,2716448
Maruti Suzuki India Limited,Mar '16,3716.3,-0.1959,"15,243.80","9,408.70",597.8,759.9,"2,248.00",538.4,20.3,611.3,"1,476.20",151,48.87,48.87,48.87,48.87,40.44,2798726.369
Maruti Suzuki India Limited,Jun '16,4187.2,0.1267,"14,927.30","9,042.00",579,638.9,"2,007.20",483.3,18.1,555.8,"1,486.20",151,49.2,49.2,49.2,49.2,44.96,2791993.716
Maruti Suzuki India Limited,Sep '16,5477.3,0.3081,"17,842.80","10,951.90",519.1,630,"2,212.20",812.6,19.7,802.3,"2,398.00",151,79.38,79.38,79.38,79.38,46.06,2835614.058
Maruti Suzuki India Limited,Dec '16,5319.55,-0.0288,"16,864.80","10,926.60",616.9,634.9,"2,085.10",591.9,29,672.5,"1,744.50",151,57.75,57.75,57.75,57.75,53.89,2901950.786
Maruti Suzuki India Limited,Mar '17,6015.7,0.1309,"18,333.40","11,617.70",616,701,"2,389.80",444.9,22.6,573,"1,709.00",151,56.57,56.57,56.57,56.57,51.51,2938107.454
Maruti Suzuki India Limited,Jun '17,7217.6,0.1998,"17,545.70","10,498.30",652.1,683.9,"2,274.00",682.7,31.3,742.3,"1,556.40",151,51.52,51.52,51.52,51.52,48.35,2946670.048
Maruti Suzuki India Limited,Sep '17,7978.2,0.1054,"21,768.20","11,863.80",666.6,682.5,"2,446.10",522.9,15,"1,018.60","2,484.30",151,82.24,82.24,82.24,82.24,57.3,3032795.021
Maruti Suzuki India Limited,Dec '17,9729.55,0.2195,"19,283.20","10,649.40",686.9,689,"2,226.20",244.9,26.3,768.4,"1,799.00",151,59.56,59.56,59.56,59.56,64.3,3116597.991
Maruti Suzuki India Limited,Mar '18,8861.1,-0.0893,"21,165.60","11,929.80",828.2,702.5,"2,946.10",595,273.1,752.3,"1,882.10",151,62.3,62.3,62.3,62.3,69.42,3147143.007
Maruti Suzuki India Limited,Jun '18,8825.6,-0.004,"22,459.40","12,003.30",765.2,719.8,"2,841.10",271.8,20.7,907.1,"1,975.30",151,65.39,65.39,65.39,65.39,73.28,3127552.992
Maruti Suzuki India Limited,Sep '18,7347.95,-0.1674,"22,433.20","12,544.50",791.7,721.2,"2,925.30",526.6,25.7,970.6,"2,240.40",151,74.17,74.17,74.17,74.17,74.46,3193097.227
Maruti Suzuki India Limited,Dec '18,7465.5,0.016,"19,668.30","10,802.40",881.1,767.7,"2,812.40",917.3,20.6,570.8,"1,489.30",151,49.3,49.3,49.3,49.3,60.53,3266006.55
Maruti Suzuki India Limited,Mar '19,6596.25,-0.1164,"21,459.40","9,673.70",816.9,810.2,"2,955.50",867.7,8.8,516.5,"1,795.60",151,59.44,59.44,59.44,59.44,69.25,3287871.77
Maruti Suzuki India Limited,Jun '19,6534.65,-0.0093,"19,719.80","9,541.40",859.1,918.6,"2,721.60",836.4,54.7,475.4,"1,435.50",151,47.52,47.52,47.52,47.52,61.78,3256509.346
Maruti Suzuki India Limited,Sep '19,6743.45,0.032,"16,985.30","8,371.00",838.4,926.1,"2,441.20",920,28.2,213.4,"1,358.60",151,44.97,44.97,44.97,44.97,61.32,3297491.819
Maruti Suzuki India Limited,Dec '19,7368.6,0.0927,"20,706.80","8,410.60",867,858,"2,724.70",784,21.7,441.6,"1,564.80",151,51.8,51.8,51.8,51.8,61.48,3377602.651
TVS Motor Company Limited,Mar '14,97.1,0.2793,"2,155.70","1,514.88",121.99,36.08,350.78,6.62,8.34,18.7,52.12,47.51,1.03,1.03,1.1,1.1,105.9,2377153.849
TVS Motor Company Limited,Jun '14,162.5,0.6735,"2,305.39","1,612.75",140.2,33.57,357.36,8.88,5.95,28.19,72.32,47.51,1.52,1.52,1.52,1.52,105.75,2379355.815
TVS Motor Company Limited,Sep '14,227.95,0.4028,"2,683.07","1,918.34",154.47,36.6,404.62,8.64,3.45,36.5,94.81,47.51,2,2,2,2,87.12,2457010.248
TVS Motor Company Limited,Dec '14,268.45,0.1777,"2,652.91","1,947.32",154.95,37.1,399.74,5.87,5.29,33.5,90.18,47.51,1.9,1.9,1.9,1.9,54.74,2498611.783
TVS Motor Company Limited,Mar '15,263.85,-0.0171,"2,456.85","1,683.91",135.8,46.06,449.65,9.22,12.73,10.14,90.52,47.51,1.91,1.91,1.91,1.91,59.36,2560191
TVS Motor Company Limited,Jun '15,244.1,-0.0749,"2,574.09","1,692.20",154.87,50.38,366.71,21.01,13.03,30.27,100.08,47.51,2.11,2.11,2.11,2.11,55.12,2578225
TVS Motor Company Limited,Sep '15,230.05,-0.0576,"3,089.42","2,075.15",162.53,56.53,655.5,19.46,11.47,45.5,132.96,47.51,2.8,2.8,2.8,2.8,45.09,2637004
TVS Motor Company Limited,Dec '15,289.8,0.2597,"2,895.90","2,009.17",175.65,62.05,417.11,24.81,9.83,42.93,120.21,47.51,2.53,2.53,2.53,2.53,31.43,2716448
TVS Motor Company Limited,Mar '16,322.8,0.1139,"2,797.31","1,880.71",159.34,67.09,475.97,38.57,14.4,20.96,136.03,47.51,2.86,2.86,2.86,2.86,40.44,2798726.369
TVS Motor Company Limited,Jun '16,309.5,-0.0412,"2,880.94","2,011.87",181.43,65.95,408.79,36.17,9.78,39.57,121.25,47.51,2.55,2.55,2.55,2.55,44.96,2791993.716
TVS Motor Company Limited,Sep '16,365.85,0.1821,"3,426.49","2,452.79",198.58,72.44,473.57,39.2,9.41,56.65,177.39,47.51,3.73,3.73,3.73,3.73,46.06,2835614.058
TVS Motor Company Limited,Dec '16,360.5,-0.0146,"2,983.38","2,139.29",191.9,71.97,423.87,34.8,11.52,37.13,132.67,47.51,2.79,2.79,2.79,2.79,53.89,2901950.786
TVS Motor Company Limited,Mar '17,430.8,0.195,"2,844.50","2,016.93",173.73,77.45,373,63.2,13.24,7.25,126.77,47.51,2.67,2.67,2.67,2.67,51.51,2938107.454
TVS Motor Company Limited,Jun '17,549.2,0.2748,"3,399.51","2,444.40",209.03,78.34,443.65,57.08,10.72,49.97,129.47,47.51,2.73,2.73,2.73,2.73,48.35,2946670.048
TVS Motor Company Limited,Sep '17,657.05,0.1964,"4,052.44","3,076.52",219.92,83.61,508.63,45.55,15.48,83.63,213.16,47.51,4.49,4.49,4.49,4.49,57.3,3032795.021
TVS Motor Company Limited,Dec '17,770.7,0.173,"3,684.95","2,484.92",211.84,82.42,508.05,18.16,12.17,56.01,154.35,47.51,3.25,3.25,3.25,3.25,64.3,3116597.991
TVS Motor Company Limited,Mar '18,619.3,-0.1964,"3,992.76","2,904.08",227.22,94.36,539.12,23.99,18.25,26.44,165.61,47.51,3.49,3.49,3.49,3.49,69.42,3147143.007
TVS Motor Company Limited,Jun '18,552.85,-0.1073,"4,153.70","3,254.50",237.49,93.34,445.51,17.32,18.02,65.81,146.61,47.51,3.09,3.09,3.09,3.09,73.28,3127552.992
TVS Motor Company Limited,Sep '18,560.05,0.013,"4,993.47","3,695.96",244.94,101.6,536.34,0.74,21.16,94.85,211.31,47.51,4.45,4.45,4.45,4.45,74.46,3193097.227
TVS Motor Company Limited,Dec '18,571.25,0.02,"4,663.98","3,444.30",236.65,101.24,516.91,0.65,16.69,80.06,178.39,47.51,3.75,3.75,3.75,3.75,60.53,3266006.55
TVS Motor Company Limited,Mar '19,471.5,-0.1746,"4,384.02","3,278.04",203.55,103.09,513.01,3.58,24.69,50.1,133.83,47.51,2.82,2.82,2.82,2.82,69.25,3287871.77
TVS Motor Company Limited,Jun '19,428.2,-0.0918,"4,468.62","3,290.90",248.85,119.37,506.26,1.2,29.11,66.21,142.3,47.51,3,3,3,3,61.78,3256509.346
TVS Motor Company Limited,Sep '19,422,-0.0145,"4,347.84","3,150.32",233.74,124.07,542.4,4.9,28.48,55.33,255.01,47.51,5.37,5.37,5.37,5.37,61.32,3297491.819
TVS Motor Company Limited,Dec '19,468.45,0.1101,"4,125.46","2,742.95",233.15,121.25,550.34,0.89,21.14,24.66,121.07,47.51,2.55,2.55,2.55,2.55,61.48,3377602.651
Hero Motocorp Limited,Mar '14,2274.8,0.0961,"6,512.96","4,658.09",235.69,272.84,703.29,122.98,2.93,186.95,554.43,39.94,27.76,27.76,27.76,27.76,105.9,2377153.849
Hero Motocorp Limited,Jun '14,2634.65,0.1582,"7,036.84","5,056.31",267.81,291.52,710.67,112.75,2.98,202.69,562.76,39.94,28.18,28.18,28.18,28.18,105.75,2379355.815
Hero Motocorp Limited,Sep '14,2839.55,0.0778,"6,915.34","5,005.44",284.98,74.96,724.78,193.51,4.94,285.06,763.37,39.94,38.23,38.23,38.23,38.23,87.12,2457010.248
Hero Motocorp Limited,Dec '14,3106.65,0.0941,"6,839.25","4,961.29",316.11,83.75,798.95,93.6,2.42,246.24,582.98,39.94,29.19,29.19,29.19,29.19,54.74,2498611.783
Hero Motocorp Limited,Mar '15,2639.8,-0.1503,"6,793.87","4,760.84",303.97,89.74,881.94,92.88,0.75,209.19,476.53,39.94,31.63,31.63,23.86,23.86,59.36,2560191
Hero Motocorp Limited,Jun '15,2523.5,-0.0441,"6,904.76","4,869.43",312.98,102.96,739.25,104.39,1.21,294.68,747.54,39.94,37.44,37.44,37.44,37.44,55.12,2578225
Hero Motocorp Limited,Sep '15,2394.5,-0.0511,"6,809.26","4,630.17",308.41,109.05,739.08,111.52,1.23,310.7,786.12,39.94,39.37,39.37,39.37,39.37,45.09,2637004
Hero Motocorp Limited,Dec '15,2694.1,0.1251,"7,223.51","4,921.28",343.08,113.94,866.31,90.2,1.23,312.61,793.23,39.94,39.72,39.72,39.72,39.72,31.43,2716448
Hero Motocorp Limited,Mar '16,2945.7,0.0934,"7,505.17","4,900.84",351.47,114.74,"1,000.95",116.76,1.22,356.69,833.29,39.94,41.73,41.73,41.73,41.73,40.44,2798726.369
Hero Motocorp Limited,Jun '16,3178.25,0.0789,"7,398.91","5,033.66",336.19,115.24,867.23,120.38,1.5,350.62,883.1,39.94,44.22,44.22,44.22,44.22,44.96,2791993.716
Hero Motocorp Limited,Sep '16,3413.7,0.0741,"7,796.28","5,119.06",357.48,119.25,886.68,152.36,1.55,396.21,"1,004.22",39.94,50.29,50.29,50.29,50.29,46.06,2835614.058
Hero Motocorp Limited,Dec '16,3043.65,-0.1084,"6,364.60","4,227.20",374.27,124.85,782.61,131.93,1.52,313.25,772.05,39.94,38.66,38.66,38.66,38.66,53.89,2901950.786
Hero Motocorp Limited,Mar '17,3221.95,0.0586,"6,915.20","4,568.72",328.07,135.3,893.45,118.23,1.48,221.26,714.19,39.94,35.94,35.94,35.94,35.94,51.51,2938107.454
Hero Motocorp Limited,Jun '17,3701.35,0.1488,"7,971.58","5,466.79",373.67,132.95,907.91,131.7,1.58,379.04,914.04,39.94,45.77,45.77,45.77,45.77,48.35,2946670.048
Hero Motocorp Limited,Sep '17,3774.55,0.0198,"8,361.99","5,625.83",383.66,136.03,824.57,117.6,1.56,425.22,"1,010.49",39.94,50.6,50.6,50.6,50.6,57.3,3032795.021
Hero Motocorp Limited,Dec '17,3785.15,0.0028,"7,305.49","5,016.73",401.94,138.28,823.54,110.02,1.57,322.73,805.43,39.94,40.33,40.33,40.33,40.33,64.3,3116597.991
Hero Motocorp Limited,Mar '18,3542.8,-0.064,"8,564.04","5,721.05",380.86,148.34,"1,019.51",166.5,1.54,419.81,967.4,39.94,48.44,48.44,48.44,48.44,69.42,3147143.007
Hero Motocorp Limited,Jun '18,3473.5,-0.0196,"8,809.82","6,131.69",413.12,148.17,854.42,115.73,2.11,433.57,909.17,39.94,45.52,45.52,45.52,45.52,73.28,3127552.992
Hero Motocorp Limited,Sep '18,2933.25,-0.1555,"9,090.94","6,403.82",434.13,151.78,978.42,223.66,2.14,472.17,976.28,39.94,48.88,48.88,48.88,48.88,74.46,3193097.227
Hero Motocorp Limited,Dec '18,3104.25,0.0583,"7,864.82","5,475.00",435.71,151.83,909.82,187.64,2.16,369.32,769.1,39.94,38.52,38.51,38.52,38.51,60.53,3266006.55
Hero Motocorp Limited,Mar '19,2525.75,-0.1864,"7,884.96","5,335.59",447.28,150.23,929.83,164.22,2.19,350.8,730.32,39.95,36.57,36.57,36.57,36.57,69.25,3287871.77
Hero Motocorp Limited,Jun '19,2581.5,0.0221,"8,030.27","5,671.74",467.67,236.1,812.69,218.83,4.37,616.49,"1,257.34",39.95,62.95,62.95,62.95,62.95,61.78,3256509.346
Hero Motocorp Limited,Sep '19,2704.75,0.0477,"7,570.70","5,378.71",468.88,203.43,874.96,207.83,7.67,162.94,874.8,39.95,43.8,43.8,43.8,43.8,61.32,3297491.819
Hero Motocorp Limited,Dec '19,2443.05,-0.0968,"6,996.73","4,756.82",469.73,203.73,828.23,182.21,5.92,131.12,880.41,39.95,44.08,44.08,44.08,44.08,61.48,3377602.651
Mahindra CIE Automotive Limited,Mar '14,74.75,0.5209,98.22,50.44,8.93,7.09,13.38,0.66,2.07,2.53,6.47,92.34,0.7,0.7,0.7,0.7,105.9,2377153.849
Mahindra CIE Automotive Limited,Jun '14,160.85,1.1518,98.62,51.01,9.87,6.13,14.37,1.39,1.69,2.98,6.54,92.46,0.71,0.71,0.71,0.71,105.75,2379355.815
Mahindra CIE Automotive Limited,Sep '14,213.35,0.3264,94.43,49.08,10.01,6.67,14.96,1.24,1.58,1.53,4.59,93.25,0.49,0.49,0.49,0.49,87.12,2457010.248
Mahindra CIE Automotive Limited,Dec '14,212.45,-0.0042,378.28,208.07,47.09,16.26,99.81,9.63,3.53,4.62,13.16,93.46,0.41,0.41,0.41,0.41,54.74,2498611.783
Mahindra CIE Automotive Limited,Mar '15,216.45,0.0188,414.01,216.82,47.14,16.6,116.6,2.69,2.9,-6.6,32.04,322.98,0.99,0.99,0.99,0.99,59.36,2560191
Mahindra CIE Automotive Limited,Jun '15,229.8,0.0617,415.95,223.59,50.46,16.77,110.74,2.28,0.99,8.3,16.22,322.98,0.5,0.5,0.5,0.5,55.12,2578225
Mahindra CIE Automotive Limited,Sep '15,255.4,0.1114,391.23,193.99,50.17,17.94,105.03,1.45,0.85,5.45,9.66,323.25,0.3,0.3,0.3,0.3,45.09,2637004
Mahindra CIE Automotive Limited,Dec '15,251.1,-0.0168,396.46,208.08,50.77,19.67,106.84,1.35,0.45,4.63,4.97,323.34,0.15,0.15,0.15,0.15,31.43,2716448
Mahindra CIE Automotive Limited,Mar '16,196.15,-0.2188,404.19,203,52.89,18.33,106.14,4.04,0.65,7.87,15.28,323.52,0.47,0.47,0.47,0.47,40.44,2798726.369
Mahindra CIE Automotive Limited,Jun '16,177.9,-0.093,404.2,206.27,59.08,17.19,107.93,5.22,1.08,6.44,11.26,323.57,0.35,0.35,0.35,0.35,44.96,2791993.716
Mahindra CIE Automotive Limited,Sep '16,191.9,0.0787,443.5,202.46,57.44,17.72,143.71,6,1.97,7.17,14.05,323.59,0.43,0.42,0.43,0.42,46.06,2835614.058
Mahindra CIE Automotive Limited,Dec '16,183.75,-0.0425,447.34,203.29,53.32,17.79,154.67,6.13,3.02,5.99,10.94,378.09,0.29,0.29,0.29,0.29,53.89,2901950.786
Mahindra CIE Automotive Limited,Mar '17,212.5,0.1565,464.05,252.11,56.64,17.12,111.73,2.91,2.55,9.73,16.64,378.11,0.44,0.44,0.44,0.44,51.51,2938107.454
Mahindra CIE Automotive Limited,Jun '17,243.8,0.1473,449.51,238.98,56.63,18.23,120.57,4.26,1.84,9.25,17.65,378.12,0.47,0.47,0.47,0.47,48.35,2946670.048
Mahindra CIE Automotive Limited,Sep '17,239.55,-0.0174,484.25,250.97,57.12,17.76,119.83,3.1,1.24,12.1,20.36,378.37,0.54,0.54,0.54,0.54,57.3,3032795.021
Mahindra CIE Automotive Limited,Dec '17,258.15,0.0776,561.5,293.58,75.59,22.82,145.71,3.77,3.3,14.43,14.65,378.37,0.39,0.39,0.39,0.39,64.3,3116597.991
Mahindra CIE Automotive Limited,Mar '18,214.75,-0.1681,611.97,343.19,67.38,18.85,134.51,6.1,1.52,21.09,38.57,378.47,1.02,1.02,1.02,1.02,69.42,3147143.007
Mahindra CIE Automotive Limited,Jun '18,257.35,0.1984,649.96,368.07,71.91,18.41,137.8,5.19,0.79,23.68,43.85,378.66,1.16,1.16,1.16,1.16,73.28,3127552.992
Mahindra CIE Automotive Limited,Sep '18,264.85,0.0291,652.45,368.53,72.68,18.55,136.98,4.18,0.99,22.36,42.58,378.62,1.12,1.12,1.12,1.12,74.46,3193097.227
Mahindra CIE Automotive Limited,Dec '18,257,-0.0296,808.44,399.89,106.9,27.65,195.35,9.89,1.68,33.47,-76.84,378.78,-2.03,-2.03,-2.03,-2.03,60.53,3266006.55
Mahindra CIE Automotive Limited,Mar '19,233.85,-0.0901,642.56,357.6,71.82,17.82,136.42,14.82,2.88,25.83,46.93,378.81,1.24,1.24,1.24,1.24,69.25,3287871.77
Mahindra CIE Automotive Limited,Jun '19,231.1,-0.0118,540.91,292.38,67.97,18.11,119.93,6.5,5.42,13.71,23.35,379,0.62,0.62,0.62,0.62,61.78,3256509.346
Mahindra CIE Automotive Limited,Sep '19,166.8,-0.2782,656.44,317.8,93.71,28.06,164.75,7.84,3.83,42.47,9.41,379.01,0.25,0.25,0.25,0.25,61.32,3297491.819
Mahindra CIE Automotive Limited,Dec '19,164.75,-0.0123,655.57,306.51,90.13,30.84,172.38,4.65,4.05,-10.17,56.45,379.01,1.49,1.49,1.49,1.49,61.48,3377602.651
Bajaj Auto Limited,Mar '14,2083.6,0.0904,"4,932.29","3,205.64",174.76,44.48,404.01,184.81,0.17,308.99,763.93,289.37,26.4,26.4,26.4,26.4,105.9,2377153.849
Bajaj Auto Limited,Jun '14,2316.2,0.1116,"5,252.41","3,363.11",214.57,69.2,445.11,219.27,0.11,335.11,739.98,289.37,25.6,25.6,25.6,25.6,105.75,2379355.815
Bajaj Auto Limited,Sep '14,2351.6,0.0153,"5,963.09","3,837.90",210.24,68.62,531.99,113.61,0.05,240.53,590.9,289.37,20.4,20.4,20.4,20.4,87.12,2457010.248
Bajaj Auto Limited,Dec '14,2432.45,0.0344,"5,657.17","3,537.24",213.92,65.77,367.83,95.27,0.07,395.02,861.24,289.37,29.8,29.8,29.8,29.8,54.74,2498611.783
Bajaj Auto Limited,Mar '15,2016.6,-0.171,"4,739.34","3,014.54",258.57,63.81,463.48,154.27,6.26,300.39,621.62,289.37,21.5,21.5,21.5,21.5,59.36,2560191
Bajaj Auto Limited,Jun '15,2541.95,0.2605,"5,881.24","3,404.58",243.41,78.41,724.84,306.26,0.11,410.62,957.36,289.37,33.1,33.1,33.1,33.1,55.12,2578225
Bajaj Auto Limited,Sep '15,2312.1,-0.0904,"6,079.92","3,758.40",241.4,78.01,466.73,267.98,0.34,453.97,"1,052.37",289.37,36.4,36.4,36.4,36.4,45.09,2637004
Bajaj Auto Limited,Dec '15,2532,0.0951,"5,547.83","3,383.43",229.91,74.64,454.18,242.46,0.21,368.63,970.61,289.37,33.5,33.5,33.5,33.5,31.43,2716448
Bajaj Auto Limited,Mar '16,2405.95,-0.0498,"5,359.49","3,170.60",202.4,76.1,475.67,256.89,0.39,384.43,949.33,289.37,32.8,32.8,32.8,32.8,40.44,2798726.369
Bajaj Auto Limited,Jun '16,2689.95,0.118,"5,747.95","3,523.04",268.31,77.47,440.54,267.06,0.22,387.33,978.37,289.37,33.8,33.8,33.8,33.8,44.96,2791993.716
Bajaj Auto Limited,Sep '16,2827.6,0.0512,"6,054.72","3,750.47",258.72,76.95,442.81,342.02,0.68,437.77,"1,122.75",289.37,38.8,38.8,38.8,38.8,46.06,2835614.058
Bajaj Auto Limited,Dec '16,2632.2,-0.0691,"5,066.89","2,992.32",242.72,77.17,396.21,319.29,0.26,361.15,924.62,289.37,32,32,32,32,53.89,2901950.786
Bajaj Auto Limited,Mar '17,2805.45,0.0658,"4,897.32","3,019.53",227.32,75.7,443.75,293.6,0.24,321.82,801.82,289.37,27.7,27.7,27.7,27.7,51.51,2938107.454
Bajaj Auto Limited,Jun '17,2791.2,-0.0051,"5,442.37","3,422.92",272.54,75.26,422.21,457.28,0.24,364.2,923.93,289.37,31.9,31.9,31.9,31.9,48.35,2946670.048
Bajaj Auto Limited,Sep '17,3109.4,0.114,"6,566.43","4,116.70",264.39,76.97,467.92,296.44,0.47,405.53,"1,111.86",289.37,38.4,38.4,38.4,38.4,57.3,3032795.021
Bajaj Auto Limited,Dec '17,3333.6,0.0721,"6,369.34","3,970.97",265.19,74.68,518.03,226.87,0.3,430.9,952.44,289.37,32.9,32.9,32.9,32.9,64.3,3116597.991
Bajaj Auto Limited,Mar '18,2744.7,-0.1767,"6,773.30","4,488.57",266.97,87.89,494.15,366.66,0.3,513.84,"1,079.87",289.37,37.3,37.3,37.3,37.3,69.42,3147143.007
Bajaj Auto Limited,Jun '18,2810.3,0.0239,"7,419.29","4,810.28",314.04,69.97,524.57,404.41,0.31,500.32,"1,115.23",289.37,38.5,38.5,38.5,38.5,73.28,3127552.992
Bajaj Auto Limited,Sep '18,2687.45,-0.0437,"7,986.79","5,415.26",311.94,71.51,555.24,381.52,0.31,500.17,"1,152.48",289.37,39.8,39.8,39.8,39.8,74.46,3193097.227
Bajaj Auto Limited,Dec '18,2720.15,0.0122,"7,409.36","5,033.36",316.86,63.38,547.89,469.98,3.57,457.22,"1,101.88",289.37,38.1,38.1,38.1,38.1,60.53,3266006.55
Bajaj Auto Limited,Mar '19,2948.8,0.0841,"7,395.19","5,042.45",312.56,60.83,586.27,432.73,0.29,570.27,"1,305.59",289.37,45.1,45.1,45.1,45.1,69.25,3287871.77
Bajaj Auto Limited,Jun '19,2827.05,-0.0413,"7,755.82","5,001.27",360.54,60.14,638.77,441.25,0.54,453.11,"1,125.67",289.37,38.9,38.9,38.9,38.9,61.78,3256509.346
Bajaj Auto Limited,Sep '19,2941.8,0.0406,"7,707.32","5,265.18",338.35,61.34,662.67,393.44,1.24,206.49,"1,402.42",289.37,48.5,48.5,48.5,48.5,61.32,3297491.819
Bajaj Auto Limited,Dec '19,3185,0.0827,"7,639.66","4,727.65",348.24,61.68,592.2,366.22,0.47,409.68,"1,261.60",289.37,43.6,43.6,43.6,43.6,61.48,3377602.651
Ashok Leyland Limited,Mar '14,23.65,0.371,"3,076.78","1,857.50",247.29,103.45,329.19,15.74,112.57,-3.64,363.39,266.07,1.37,1.37,1.37,1.37,105.9,2377153.849
Ashok Leyland Limited,Jun '14,36.5,0.5433,"2,477.80","1,714.84",283.14,103.32,262.7,23.12,106.34,-22.5,-47.95,266.07,-0.18,-0.18,-0.18,-0.18,105.75,2379355.815
Ashok Leyland Limited,Sep '14,41.15,0.1274,"3,217.68","2,057.42",291.5,103.08,323.59,25.7,100.75,44.55,120.69,284.59,0.42,0.42,0.42,0.42,87.12,2457010.248
Ashok Leyland Limited,Dec '14,51.4,0.2491,"3,361.00","2,036.42",277.04,99.86,342.63,19.32,98.22,27.3,32.09,284.59,0.11,0.11,0.11,0.11,54.74,2498611.783
Ashok Leyland Limited,Mar '15,73.3,0.4261,"4,505.70","2,817.96",332.33,110.08,438.33,37.25,88.21,58.04,229.97,284.59,0.81,0.81,0.81,0.81,59.36,2560191
Ashok Leyland Limited,Jun '15,72.55,-0.0102,"3,883.13","2,549.24",328.71,113.77,504.7,7.83,70.12,71.95,144.5,284.59,0.51,0.51,0.51,0.51,55.12,2578225
Ashok Leyland Limited,Sep '15,92.25,0.2715,"4,967.18","3,258.54",376.32,123.11,505.56,37.49,63.05,146.14,172.21,284.59,0.61,0.61,0.61,0.61,45.09,2637004
Ashok Leyland Limited,Dec '15,87.9,-0.0472,"4,113.84","2,612.66",347.48,119.42,441.61,28.08,60.32,78.89,213.7,284.59,0.75,0.75,0.75,0.75,31.43,2716448
Ashok Leyland Limited,Mar '16,108.6,0.2355,"5,973.16","3,677.56",332.55,131.6,650.89,54.6,54.15,139.96,-140.81,284.59,-0.49,-0.49,-0.49,-0.49,40.44,2798726.369
Ashok Leyland Limited,Jun '16,98.35,-0.0944,"4,258.84","2,728.39",358.13,120.97,493.93,93.95,33.82,124.64,290.78,284.59,1.02,1.02,1.02,1.02,44.96,2791993.716
Ashok Leyland Limited,Sep '16,79.6,-0.1906,"4,622.41","2,566.77",369.2,126.11,583.04,38.18,33.92,120.22,294.41,284.59,1.03,1.03,1.03,1.03,46.06,2835614.058
Ashok Leyland Limited,Dec '16,80.1,0.0063,"4,430.90","3,409.38",361.6,119.28,481.33,-40.19,31.13,77.81,185.88,284.59,0.65,0.65,0.65,0.65,53.89,2901950.786
Ashok Leyland Limited,Mar '17,84.55,0.0556,"6,617.89","4,356.58",411.82,139.48,715.81,63.23,42.3,-215.66,476.17,284.59,1.63,1.63,1.63,1.63,51.51,2938107.454
Ashok Leyland Limited,Jun '17,93.85,0.11,"4,237.78","2,495.83",437.64,132.13,551.6,38.41,36.63,49.24,111.24,292.65,0.38,0.38,0.38,0.38,48.35,2946670.048
Ashok Leyland Limited,Sep '17,123.1,0.3117,"6,046.89","3,395.88",482.49,141.14,645.23,55.66,41.02,148.4,334.26,292.65,1.14,1.14,1.14,1.14,57.3,3032795.021
Ashok Leyland Limited,Dec '17,119.1,-0.0325,"7,113.16","5,406.48",491.77,135.04,751.18,37.97,33.53,207.93,449.71,292.71,1.54,1.53,1.54,1.53,64.3,3116597.991
Ashok Leyland Limited,Mar '18,145.45,0.2212,"8,772.49","3,592.54",454.92,146.3,978.83,57.73,20.06,262.56,667.38,292.71,2.28,2.27,2.28,2.27,69.42,3147143.007
Ashok Leyland Limited,Jun '18,125.8,-0.1351,"6,250.13","4,753.08",492.99,143.05,758.45,49.99,11.59,151.86,370.1,293.51,1.26,1.26,1.26,1.26,73.28,3127552.992
Ashok Leyland Limited,Sep '18,119.1,-0.0533,"7,621.06","5,346.67",525.08,148.11,769.32,27.59,20.41,143.06,527.74,293.55,1.8,1.8,1.8,1.8,74.46,3193097.227
Ashok Leyland Limited,Dec '18,102.5,-0.1394,"6,325.24","5,319.20",500.07,160.66,739.82,20.8,19.17,102.73,380.84,293.55,1.3,1.3,1.3,1.3,60.53,3266006.55
Ashok Leyland Limited,Mar '19,88.6,-0.1356,"8,845.93","5,158.80",573.48,159.76,857.8,9.08,16.61,153.48,652.99,293.55,2.22,2.22,2.22,2.22,69.25,3287871.77
Ashok Leyland Limited,Jun '19,87.25,-0.0152,"5,683.86","4,496.34",500.43,164.64,672.8,21.07,12.55,130.52,230.22,293.55,0.78,0.78,0.78,0.78,61.78,3256509.346
Ashok Leyland Limited,Sep '19,68.7,-0.2126,"3,929.50","2,172.61",432.12,160.04,555.5,45.5,30.12,-19.76,38.87,293.55,0.13,0.13,0.13,0.13,61.32,3297491.819
Ashok Leyland Limited,Dec '19,81.5,0.1863,"4,015.65","1,760.26",272.79,157.46,564.48,22.33,33.68,26.42,27.75,293.55,0.09,0.09,0.09,0.09,61.48,3377602.651
Eicher Motors Limited,Mar '14,596.15,0.1981,635.73,381.83,34.98,10.91,64.41,84.86,1.05,59.05,160.62,27.05,59.39,59.06,59.39,59.06,105.9,2377153.849
Eicher Motors Limited,Jun '14,799.46,0.341,746.19,448.56,40.38,11.51,76.17,13.52,0.06,54.81,133.24,27.09,49.21,48.98,49.21,48.98,105.75,2379355.815
Eicher Motors Limited,Sep '14,1197.2,0.4975,821.15,495.3,42.06,12.83,88.86,12.79,0.08,64.14,140.98,27.1,52.02,51.79,52.02,51.79,87.12,2457010.248
Eicher Motors Limited,Dec '14,1507.5,0.2592,828.15,493.39,43.48,14.91,99.68,5.13,0.48,61.11,124.08,27.1,45.78,45.56,45.78,45.56,54.74,2498611.783
Eicher Motors Limited,Mar '15,1590.81,0.0553,961.16,561.67,50.6,19.09,111,64.91,0.55,83.02,213.45,27.11,78.75,78.35,78.75,78.35,59.36,2560191
Eicher Motors Limited,Jun '15,1958.67,0.2312,"1,095.89",623.76,65.09,22.42,118.21,26.16,0.27,90.38,198.77,27.14,73.27,72.96,73.27,72.96,55.12,2578225
Eicher Motors Limited,Sep '15,1779.16,-0.0916,"1,299.74",736.59,71.06,26.27,140.63,42.02,0.35,111.93,256.93,27.14,94.66,94.22,94.66,94.22,45.09,2637004
Eicher Motors Limited,Dec '15,1685.56,-0.0526,"1,284.34",691.97,78.49,32.08,150.31,34.54,0.38,112.69,252.4,27.15,92.97,92.58,92.97,92.58,31.43,2716448
Eicher Motors Limited,Mar '16,1918.06,0.1379,"1,544.93",809.42,74.17,37.43,170.92,109.87,0.57,148.93,380.94,27.16,140.26,139.75,140.26,139.75,40.44,2798726.369
Eicher Motors Limited,Jun '16,1922.24,0.0022,"1,557.47",834.1,86.51,39.13,160.72,46.82,0.65,149.51,337.1,27.16,124.1,123.63,124.1,123.63,44.96,2791993.716
Eicher Motors Limited,Sep '16,2482.78,0.2916,"1,762.49",928.25,95.64,35.77,198.38,66.46,0.75,186.17,396.16,27.2,145.71,145.29,145.71,145.29,46.06,2835614.058
Eicher Motors Limited,Dec '16,2180.3,-0.1218,"1,833.59",920.81,101.54,35.48,180.22,58.99,0.71,190.43,415.19,27.2,152.63,152.18,152.63,152.18,53.89,2901950.786
Eicher Motors Limited,Mar '17,2558.75,0.1736,"1,884.42",932.29,101.36,42.97,201.22,55.04,0.68,190.86,411.56,27.21,151.26,150.85,151.26,150.85,51.51,2938107.454
Eicher Motors Limited,Jun '17,2703.94,0.0567,"1,999.90","1,047.44",115.98,45.01,197.09,129.43,0.66,217.18,494.33,27.22,181.62,181.15,181.62,181.15,48.35,2946670.048
Eicher Motors Limited,Sep '17,3121.33,0.1544,"2,163.60","1,090.66",130.2,48.96,216.36,69.92,0.72,223.85,486.44,27.22,178.69,178.18,178.69,178.18,57.3,3032795.021
Eicher Motors Limited,Dec '17,3034.08,-0.028,"2,264.24","1,149.04",132.25,64.7,259.43,48.24,0.94,228.99,472.01,27.24,173.34,172.9,173.34,172.9,64.3,3116597.991
Eicher Motors Limited,Mar '18,2837.26,-0.0649,"2,529.77","1,228.46",143.62,63.67,270.28,84.84,0.72,265.34,260.13,27.26,95.47,95.3,95.47,95.3,69.42,3147143.007
Eicher Motors Limited,Jun '18,2859.04,0.0077,"2,544.91","1,304.26",165.32,69.83,247.65,125.99,0.72,286.42,591.22,27.27,216.86,216.49,216.86,216.49,73.28,3127552.992
Eicher Motors Limited,Sep '18,2418.54,-0.1541,"2,404.05","1,206.64",170.6,71.83,279.69,95.29,0.75,259.94,481.37,27.27,176.54,176.26,176.54,176.26,74.46,3193097.227
Eicher Motors Limited,Dec '18,2315.83,-0.0425,"2,345.92","1,252.28",179.1,76.48,277.81,144.55,0.72,257.77,501.41,27.27,183.86,183.67,183.86,183.67,60.53,3266006.55
Eicher Motors Limited,Mar '19,2089.9,-0.0976,"2,499.60","1,292.71",164.51,80.79,302.66,142.21,0.8,274.41,480.44,27.28,176.12,175.99,176.12,175.99,69.25,3287871.77
Eicher Motors Limited,Jun '19,1913.88,-0.0842,"2,352.58","1,240.62",204.07,86.82,266.66,188.36,2.94,209.67,498.24,27.29,182.6,182.5,182.6,182.5,61.78,3256509.346
Eicher Motors Limited,Sep '19,1776.52,-0.0718,"2,181.86","1,121.80",178.34,88.97,267.87,144.96,2.73,28.81,570.46,27.29,209.05,208.94,209.05,208.94,61.32,3297491.819
Eicher Motors Limited,Dec '19,2251.52,0.2674,"2,363.53","1,096.37",177.59,94.23,298.12,135.83,2.72,145.15,488.94,27.3,179.11,178.99,179.11,178.99,61.48,3377602.651
Force Motors Limited,Mar '14,345.25,-0.0767,566.07,389.03,58.02,22.31,74.36,38.12,3.3,13.97,44.86,13.18,34.05,34.05,34.05,34.05,105.9,2377153.849
Force Motors Limited,Jun '14,524.9,0.5203,545.01,361.34,60.02,21.65,61.47,11.99,1.93,5.56,19.4,13.18,14.72,14.72,14.72,14.72,105.75,2379355.815
Force Motors Limited,Sep '14,1384.5,1.6376,598.85,439.78,74.12,20.02,77.09,18.86,1.7,7.4,25.69,13.18,19.5,19.5,19.5,19.5,87.12,2457010.248
Force Motors Limited,Dec '14,1075.1,-0.2235,516.92,403.11,70.53,19.11,72.1,13.24,1.31,-2.28,9.99,13.18,7.58,7.58,7.58,7.58,54.74,2498611.783
Force Motors Limited,Mar '15,1398,0.3003,702.94,442.93,73.06,20.5,87.29,21.7,1.61,10.63,46.28,13.18,35.13,35.13,35.13,35.13,59.36,2560191
Force Motors Limited,Jun '15,1511.6,0.0813,640.01,478.86,66.82,19.73,66.57,15.16,0.77,13.64,35.76,13.18,27.14,27.14,27.14,27.14,55.12,2578225
Force Motors Limited,Sep '15,2350.7,0.5551,763.25,540.95,77.09,21.72,80.39,16.71,0.53,16.64,42.48,13.18,32.24,32.24,32.24,32.24,45.09,2637004
Force Motors Limited,Dec '15,3097,0.3175,745.76,565.59,76.6,23.03,84.74,14.57,0.61,10.69,27.44,13.18,20.82,20.82,20.82,20.82,31.43,2716448
Force Motors Limited,Mar '16,2855,-0.0781,910.78,652.23,83.19,27.47,77.85,24.99,2.42,28.9,73.74,13.18,55.96,55.96,55.96,55.96,40.44,2798726.369
Force Motors Limited,Jun '16,3044.75,0.0665,753.16,533.59,78.31,25.31,63.31,17.84,0.93,12,51.47,13.18,39.06,39.06,39.06,39.06,44.96,2791993.716
Force Motors Limited,Sep '16,3497.8,0.1488,849.22,626.59,88.68,26.25,75.92,19.1,0.84,17.72,50.28,13.18,38.16,38.16,38.16,38.16,46.06,2835614.058
Force Motors Limited,Dec '16,3741.85,0.0698,629.06,445.91,95.03,27.4,56.76,23.81,0.65,1.39,23.25,13.18,17.65,17.65,17.65,17.65,53.89,2901950.786
Force Motors Limited,Mar '17,4487.1,0.1992,837.56,524.47,88.06,34.12,52.84,24.18,3.12,23.97,54.91,13.18,41.67,41.67,41.67,41.67,51.51,2938107.454
Force Motors Limited,Jun '17,4215.5,-0.0605,744.45,588.29,74.46,30.78,70.02,28.16,3.44,1.27,29.96,13.18,22.74,22.74,22.74,22.74,48.35,2946670.048
Force Motors Limited,Sep '17,3764.1,-0.1071,892.99,705.15,81.79,31.85,67.67,9.42,0.99,14.61,41.74,13.18,31.68,31.68,31.68,31.68,57.3,3032795.021
Force Motors Limited,Dec '17,3691.5,-0.0193,749.52,611.3,83.43,32.7,57.66,9.69,0.57,7.24,14.65,13.18,11.12,11.12,11.12,11.12,64.3,3116597.991
Force Motors Limited,Mar '18,2733,-0.2597,"1,043.23",704.5,112.79,33.93,49.42,13.86,1.67,30.16,60.6,13.18,45.99,45.99,45.99,45.99,69.42,3147143.007
Force Motors Limited,Jun '18,2531.55,-0.0737,890.48,677.48,95.72,34.46,50,11.49,0.95,15.55,40.93,13.18,31.06,31.06,31.06,31.06,73.28,3127552.992
Force Motors Limited,Sep '18,1831.95,-0.2764,881.41,699.57,95.03,35.15,39.85,13.95,0.19,12.79,39.69,13.18,30.12,30.12,30.12,30.12,74.46,3193097.227
Force Motors Limited,Dec '18,1612.5,-0.1198,826.05,752.17,98.76,39.75,74.15,20.64,6.1,5.15,27.34,13.18,20.75,20.75,20.75,20.75,60.53,3266006.55
Force Motors Limited,Mar '19,1706.6,0.0584,"1,060.55",685.49,128.62,41.56,83.14,29.15,8.09,13.14,39.22,13.18,29.77,29.77,29.77,29.77,69.25,3287871.77
Force Motors Limited,Jun '19,1415.55,-0.1705,802.39,540.56,101.24,45.64,69.32,15.49,6.05,6.84,26.97,13.18,20.47,20.47,20.47,20.47,61.78,3256509.346
Force Motors Limited,Sep '19,1120.75,-0.2083,755.06,609.96,109.73,47.21,74.61,17.22,6.37,-5.83,7.53,13.18,5.72,5.72,5.72,5.72,61.32,3297491.819
Force Motors Limited,Dec '19,1084.9,-0.032,869.01,548.63,104.82,49.2,78.12,0.32,7.85,-5.1,15.39,13.18,11.68,11.68,11.68,11.68,61.48,3377602.651
Apollo Tyres Limited,Mar '14,159.6,0.4888,"2,212.42","1,373.09",132.1,62.78,323.96,13.3,56.37,18,129.62,50.41,2.57,2.56,2.57,2.56,105.9,2377153.849
Apollo Tyres Limited,Jun '14,199.1,0.2475,"2,306.53","1,451.28",147.47,60.61,329.72,21.69,51.29,58.8,139.05,50.91,2.76,2.75,2.76,2.75,105.75,2379355.815
Apollo Tyres Limited,Sep '14,203.75,0.0234,"2,249.63","1,509.84",140.71,67.71,365.4,15.44,45.97,66.58,161.67,50.91,3.19,3.18,3.19,3.18,87.12,2457010.248
Apollo Tyres Limited,Dec '14,223.2,0.0955,"2,121.80","1,245.04",134.65,59.76,316.59,14.77,44.84,73.33,161.94,50.91,3.19,3.19,3.19,3.19,54.74,2498611.783
Apollo Tyres Limited,Mar '15,168.25,-0.2462,"2,259.85","1,194.56",148.91,58.7,369.25,-14.35,30,90.35,182.42,50.91,3.59,3.59,3.59,3.59,59.36,2560191
Apollo Tyres Limited,Jun '15,170.25,0.0119,"2,143.76","1,131.82",134.75,59.62,384.8,11.78,25.6,108.02,221.65,50.91,4.35,4.35,4.35,4.35,55.12,2578225
Apollo Tyres Limited,Sep '15,179.95,0.057,"2,264.64","1,227.38",139.34,68.34,388.24,9.34,22.4,102.87,215.18,50.91,4.23,4.23,4.23,4.23,45.09,2637004
Apollo Tyres Limited,Dec '15,156.2,-0.132,"2,157.87","1,145.69",147.13,69.02,402.33,8.49,22.08,99.7,185.33,50.91,3.64,3.64,3.64,3.64,31.43,2716448
Apollo Tyres Limited,Mar '16,174.9,0.1197,"2,180.44","1,136.26",144.72,68.16,445.11,22.61,23.9,101.85,226.64,50.9,4.45,4.45,4.45,4.45,40.44,2798726.369
Apollo Tyres Limited,Jun '16,151.5,-0.1338,"2,265.94","1,237.08",156.3,63.13,464.74,25.3,24.22,99.06,236.25,50.9,4.64,4.64,4.64,4.64,44.96,2791993.716
Apollo Tyres Limited,Sep '16,219.95,0.4518,"2,075.52","1,246.35",148.71,64.42,417.47,42.79,23.53,81.16,204.62,50.9,4.02,4.02,4.02,4.02,46.06,2835614.058
Apollo Tyres Limited,Dec '16,184.9,-0.1594,"2,200.96","1,296.05",145.13,67.55,453.37,23.5,23.18,69.65,185.46,50.9,3.64,3.64,3.64,3.64,53.89,2901950.786
Apollo Tyres Limited,Mar '17,208.7,0.1287,"2,383.84","1,533.75",140.6,93.11,456.45,46.87,21.31,33.01,176.29,50.9,3.46,3.46,3.46,3.46,51.51,2938107.454
Apollo Tyres Limited,Jun '17,240.7,0.1533,"2,308.46","1,575.52",152.03,83.99,407.61,16.5,29.81,28.15,67.13,50.9,1.32,1.32,1.32,1.32,48.35,2946670.048
Apollo Tyres Limited,Sep '17,245.75,0.021,"2,480.77","1,480.74",171.91,86.85,426.33,18.67,35.3,53.95,127.6,50.9,2.51,2.51,2.51,2.51,57.3,3032795.021
Apollo Tyres Limited,Dec '17,268.25,0.0916,"2,669.16","1,573.42",169.76,89.05,488.1,41.99,34.43,81.24,203.98,57.21,3.6,3.6,3.6,3.6,64.3,3116597.991
Apollo Tyres Limited,Mar '18,277.05,0.0328,"2,841.31","1,651.48",191.64,104.5,499.48,44.7,38,81.59,223.68,57.21,3.91,3.91,3.91,3.91,69.42,3147143.007
Apollo Tyres Limited,Jun '18,254,-0.0832,"3,059.80","1,970.37",186.03,101.2,523.99,28.47,36.95,86.79,216.88,57.21,3.79,3.79,3.79,3.79,73.28,3127552.992
Apollo Tyres Limited,Sep '18,212.25,-0.1644,"3,109.15","2,000.62",189.87,106.95,540.53,10.61,33.43,55.78,146.84,57.21,2.57,2.57,2.57,2.57,74.46,3193097.227
Apollo Tyres Limited,Dec '18,235.95,0.1117,"3,123.17","1,979.43",180.14,106.82,504.78,26.86,37.23,42.07,123,57.21,2.15,2.15,2.15,2.15,60.53,3266006.55
Apollo Tyres Limited,Mar '19,217.45,-0.0784,"3,061.51","1,633.43",181.21,131.36,510.21,45.68,30.24,29.64,105.38,57.21,1.84,1.84,1.84,1.84,69.25,3287871.77
Apollo Tyres Limited,Jun '19,200.65,-0.0773,"3,103.70","1,842.25",219.79,145.4,560.15,21.47,45.4,41.62,149.86,57.21,2.62,2.62,2.62,2.62,61.78,3256509.346
Apollo Tyres Limited,Sep '19,181.65,-0.0947,"2,774.73","1,513.41",200.4,148.63,502.73,1.5,51.3,26.98,99.75,57.21,1.74,1.74,1.74,1.74,61.32,3297491.819
Apollo Tyres Limited,Dec '19,163.9,-0.0977,"2,753.60","1,449.13",215.99,152.82,502.5,8.62,54.93,27.33,130.67,57.21,2.28,2.28,2.28,2.28,61.48,3377602.651
MRF Limited,Mar '14,21788.75,0.1252,"3,298.91","2,165.64",185.81,106.41,533.48,10.75,62.96,83,170.87,4.24,402.87,402.87,402.87,402.87,105.9,2377153.849
MRF Limited,Jun '14,23611.6,0.0837,"3,336.98","1,990.04",191.24,106.31,529.48,20.05,53.6,119,230.22,4.24,542.82,542.82,542.82,542.82,105.75,2379355.815
MRF Limited,Sep '14,32681.95,0.3841,"3,361.12","2,057.00",180.33,111.03,574.21,24.88,56.45,148,316.91,4.24,747.24,747.24,747.24,747.24,87.12,2457010.248
MRF Limited,Dec '14,37918.55,0.1602,"3,353.01","2,031.40",202.23,116,583.7,25.62,60.19,152.25,323.51,4.24,762.78,762.78,762.78,762.78,54.74,2498611.783
MRF Limited,Mar '15,38750.65,0.0219,"3,312.03","1,892.10",199.03,109.42,581.56,20.74,63.65,145,332.62,4.24,784.28,784.28,784.28,784.28,59.36,2560191
MRF Limited,Jun '15,34230.85,-0.1166,"3,477.17","1,818.67",211.93,117.43,498.51,42.63,51.84,219.26,479.54,4.24,"1,130.70","1,130.70","1,130.70","1,130.70",55.12,2578225
MRF Limited,Sep '15,41935.95,0.2251,"3,273.36","1,879.44",208.5,124.58,491.36,60.83,52.85,222.87,449.92,4.24,"1,060.85","1,060.85","1,060.85","1,060.85",45.09,2637004
MRF Limited,Dec '15,39877.5,-0.0491,"3,200.21","1,813.51",222.66,127.43,483.7,53.93,54.19,202.8,415.59,4.24,979.9,979.9,979.9,979.9,31.43,2716448
MRF Limited,Mar '16,38296.75,-0.0396,"3,386.48","1,727.79",222.08,139.91,566.87,66.98,58.29,171.42,423.46,4.24,998.45,998.45,998.45,998.45,40.44,2798726.369
MRF Limited,Jun '16,33077.65,-0.1363,"3,481.97","1,725.45",224.84,142.12,521.46,73.56,59.98,220.55,490.93,4.24,"1,157.54","1,157.54","1,157.54","1,157.54",44.96,2791993.716
MRF Limited,Sep '16,50872.55,0.538,"3,249.49","1,914.53",254.86,150.7,542.98,122.07,62.55,180.42,385.29,4.24,908.46,908.46,908.46,908.46,46.06,2835614.058
MRF Limited,Dec '16,48905.65,-0.0387,"3,175.90","1,919.26",250.67,154.13,547.3,74,61.47,136.67,288.08,4.24,679.26,679.26,679.26,679.26,53.89,2901950.786
MRF Limited,Mar '17,60954.45,0.2464,"3,338.44","2,119.94",252.78,162.19,565.42,65.39,61.52,77.66,286.77,4.24,676.17,676.17,676.17,676.17,51.51,2938107.454
MRF Limited,Jun '17,68325.9,0.1209,"3,566.61","2,340.28",256.47,166.85,627.72,89.17,62.71,28.09,106.53,4.24,251.19,251.19,251.19,251.19,48.35,2946670.048
MRF Limited,Sep '17,63005.3,-0.0779,"3,591.11","2,198.02",269.51,173.96,561.73,69.11,59.95,141,299.92,4.24,707.17,707.17,707.17,707.17,57.3,3032795.021
MRF Limited,Dec '17,72357.05,0.1484,"3,798.82","2,195.77",276.75,177.82,599.75,44.83,57.68,172,340.51,4.24,802.87,802.87,802.87,802.87,64.3,3116597.991
MRF Limited,Mar '18,72513.25,0.0022,"3,865.38","2,212.86",271.92,186.71,620.27,79.37,64.83,168.54,345.32,4.24,814.2,814.2,814.2,814.2,69.42,3147143.007
MRF Limited,Jun '18,74974.45,0.0339,"3,855.55","2,319.58",271.89,186.74,669.15,51.64,63.08,136.4,260.74,4.24,614.79,614.79,614.79,614.79,73.28,3127552.992
MRF Limited,Sep '18,63598.55,-0.1517,"3,928.16","2,600.12",288.1,199.77,691.91,76.69,64.26,130.62,263.04,4.24,620.2,620.2,620.2,620.2,74.46,3193097.227
MRF Limited,Dec '18,66984.7,0.0532,"4,033.76","2,712.49",297.92,205.2,710.35,125.75,63.14,130,279.26,4.24,658.46,658.46,658.46,658.46,60.53,3266006.55
MRF Limited,Mar '19,56296.95,-0.1596,"4,073.45","2,588.21",286.37,214.56,734.17,109.47,57.31,115,293.83,4.24,692.82,692.82,692.82,692.82,69.25,3287871.77
MRF Limited,Jun '19,56609.6,0.0056,"4,409.50","2,603.19",308.48,228,801.95,104.88,68.18,143,268.52,4.24,633.13,633.13,633.13,633.13,61.78,3256509.346
MRF Limited,Sep '19,63291.55,0.118,"3,947.57","2,407.83",329.99,237.2,729.85,94.8,66.49,111.5,220.36,4.24,519.58,519.58,519.58,519.58,61.32,3297491.819
MRF Limited,Dec '19,66330.3,0.048,"4,008.89","2,312.82",337.95,248.97,667.48,73.34,70.44,127.5,236.63,4.24,557.94,557.94,557.94,557.94,61.48,3377602.651
Goodyear Inida Limited,Mar '14,420.45,0.1359,387.07,177.1,21.43,6.57,52.06,10.59,1,14.48,28.09,23.07,12.18,12.18,12.18,12.18,105.9,2377153.849
Goodyear Inida Limited,Jun '14,507.85,0.2079,433.03,179.44,23.42,6.88,58.7,6.96,0.94,14.95,28.91,23.07,12.53,12.53,12.53,12.53,105.75,2379355.815
Goodyear Inida Limited,Sep '14,655.55,0.2908,401.6,175.59,23.3,7.39,63.83,6.63,0.79,13.07,25.22,23.07,10.93,10.93,10.93,10.93,87.12,2457010.248
Goodyear Inida Limited,Dec '14,627.3,-0.0431,359.97,150.76,30.72,7.67,59.63,6.96,0.69,9.77,19,23.07,8.25,8.25,8.25,8.25,54.74,2498611.783
Goodyear Inida Limited,Mar '15,517.25,-0.1754,275.05,127.06,24.71,8.76,52.24,6.61,0.6,8.1,15.62,23.07,6.77,6.77,6.77,6.77,59.36,2560191
Goodyear Inida Limited,Jun '15,545.5,0.0546,432.38,134.32,27.74,8.09,67.53,5.77,0.66,19.63,36.27,23.07,15.72,15.72,15.72,15.72,55.12,2578225
Goodyear Inida Limited,Sep '15,568,0.0412,381.57,142.22,29.52,7.76,64.46,7.31,0.69,15.37,29.05,23.07,12.59,12.59,12.59,12.59,45.09,2637004
Goodyear Inida Limited,Dec '15,569.75,0.0031,366.07,108.88,29.07,7.66,55.71,10,0.65,14.09,26.12,23.07,11.32,11.32,11.32,11.32,31.43,2716448
Goodyear Inida Limited,Mar '16,480.7,-0.1563,295.2,112.65,26.61,8.26,59.84,6.57,0.64,9.02,16.05,23.07,6.96,6.96,6.96,6.96,40.44,2798726.369
Goodyear Inida Limited,Jun '16,526.35,0.095,416.03,132.72,29.09,7.99,59.13,6.73,0.67,21.4,41.28,23.07,17.89,17.89,17.89,17.89,44.96,2791993.716
Goodyear Inida Limited,Sep '16,689.25,0.3095,386.5,139.06,33.28,8.34,60.61,8.22,1.18,18.92,34.77,23.07,15.07,15.07,15.07,15.07,46.06,2835614.058
Goodyear Inida Limited,Dec '16,665.25,-0.0348,375.45,135.07,29.74,8.55,60.67,9.6,0.86,17.92,33.24,23.07,14.41,14.41,14.41,14.41,53.89,2901950.786
Goodyear Inida Limited,Mar '17,845.15,0.2704,335.47,166.76,28.75,8.78,60.35,7.65,0.63,9.99,18.1,23.07,7.85,7.85,7.85,7.85,51.51,2938107.454
Goodyear Inida Limited,Jun '17,885.85,0.0482,468.24,200.14,34.16,8.83,63.67,7.11,0.67,15.09,28.45,23.07,12.33,12.33,12.33,12.33,48.35,2946670.048
Goodyear Inida Limited,Sep '17,817.8,-0.0768,416.61,168.79,29.32,8.67,62.88,7.62,0.71,22.38,41.91,23.07,18.17,18.17,18.17,18.17,57.3,3032795.021
Goodyear Inida Limited,Dec '17,1046.75,0.28,398.9,153.51,32.65,9.09,60.89,13.3,0.81,20.06,37.61,23.07,16.3,16.3,16.3,16.3,64.3,3116597.991
Goodyear Inida Limited,Mar '18,1111.85,0.0622,380.92,177.42,30.84,9.55,70.65,9.17,0.7,11.79,21.98,23.07,9.53,9.53,9.53,9.53,69.42,3147143.007
Goodyear Inida Limited,Jun '18,1112.05,0.0002,534.63,207.45,31.71,9.98,87.24,8.8,0.75,13.32,24.78,23.07,10.74,10.74,10.74,10.74,73.28,3127552.992
Goodyear Inida Limited,Sep '18,930.05,-0.1637,489.32,216.3,27.8,10.15,78.93,9.8,0.74,15.44,28.74,23.07,12.46,12.46,12.46,12.46,74.46,3193097.227
Goodyear Inida Limited,Dec '18,948.1,0.0194,464.08,188.21,35.14,10.4,67.8,10.8,0.74,11.94,21.69,23.07,9.4,9.4,9.4,9.4,60.53,3266006.55
Goodyear Inida Limited,Mar '19,922.15,-0.0274,423.88,205.95,32.01,10.5,64.84,8.84,0.77,15.37,26.86,23.07,11.64,11.64,11.64,11.64,69.25,3287871.77
Goodyear Inida Limited,Jun '19,963.05,0.0444,490.28,191.19,33.95,11.85,70.77,8.97,1.02,14.12,26.25,23.07,11.38,11.38,11.38,11.38,61.78,3256509.346
Goodyear Inida Limited,Sep '19,937.25,-0.0268,454.08,193.63,37.02,12.17,66.4,8.53,0.99,5.22,37.79,23.07,16.38,16.38,16.38,16.38,61.32,3297491.819
Goodyear Inida Limited,Dec '19,980.05,0.0457,426.26,124.9,36.31,12.87,76.24,9.61,0.98,4.33,11.88,23.07,5.15,5.15,5.15,5.15,61.48,3377602.651
Ceat Limited,Mar '14,441.75,0.3753,"1,407.96",925.58,69.25,20.64,259.49,3.99,39.74,30.65,58.57,35.96,16.29,16.29,16.29,16.29,105.9,2377153.849
Ceat Limited,Jun '14,683.55,0.5474,"1,410.70",829.15,80.15,21.02,277.06,2.78,38.99,23.99,46.8,35.96,13.02,13.02,13.02,13.02,105.75,2379355.815
Ceat Limited,Sep '14,794.8,0.1628,"1,381.64",816.57,83.29,21.42,283.68,15.61,34.61,39.7,82.1,35.96,22.83,22.83,22.83,22.83,87.12,2457010.248
Ceat Limited,Dec '14,860.45,0.0826,"1,365.67",813.89,89.56,23.2,290.29,4.67,30.55,40.92,80.63,40.45,21.43,21.43,21.43,21.43,54.74,2498611.783
Ceat Limited,Mar '15,804.45,-0.0651,"1,433.65",799.37,96.85,22.22,315.26,6.2,28.76,39.28,89.44,40.45,22.11,22.11,22.11,22.11,59.36,2560191
Ceat Limited,Jun '15,662.2,-0.1768,"1,418.93",733.95,94.43,23.11,295.98,8.12,25.46,58.76,117.77,40.45,29.11,29.11,29.11,29.11,55.12,2578225
Ceat Limited,Sep '15,1281.95,0.9359,"1,356.90",775.99,91.65,22.8,315.39,19.89,21.87,50.03,114.93,40.45,28.41,28.41,28.41,28.41,45.09,2637004
Ceat Limited,Dec '15,1051.4,-0.1798,"1,327.88",738.84,90.99,26.21,305.92,12.02,18.97,46.12,117.59,40.45,29.07,29.07,29.07,29.07,31.43,2716448
Ceat Limited,Mar '16,1086.65,0.0335,"1,391.41",705,90.1,28.3,330.18,6.14,22.86,28.63,102.23,40.45,25.27,25.27,25.27,25.27,40.44,2798726.369
Ceat Limited,Jun '16,838.85,-0.228,"1,455.81",772.57,90.43,29.96,346.35,6.89,24.54,40.48,96.49,40.45,23.85,23.85,23.85,23.85,44.96,2791993.716
Ceat Limited,Sep '16,1326.4,0.5812,"1,413.82",831.38,94.8,31.44,317.39,5.29,15.59,41.78,101.82,40.45,25.17,25.17,25.17,25.17,46.06,2835614.058
Ceat Limited,Dec '16,1163.1,-0.1231,"1,382.34",810.46,99.77,34.85,318.62,23.84,18.51,26.8,94.18,40.45,23.28,23.28,23.28,23.28,53.89,2901950.786
Ceat Limited,Mar '17,1324.85,0.1391,"1,450.69",894.47,98.85,45.76,301.19,5,20.39,-5.13,70.21,40.45,,,,,51.51,2938107.454
Ceat Limited,Jun '17,1795,0.3549,"1,451.07",949.8,96.16,39.34,335.82,31.43,22.16,4.4,19.84,40.45,4.73,4.73,4.73,4.73,48.35,2946670.048
Ceat Limited,Sep '17,1714.6,-0.0448,"1,511.82",808.84,105.15,40.62,305.6,8.4,23.28,41.73,83.49,40.45,20.64,20.64,20.64,20.64,57.3,3032795.021
Ceat Limited,Dec '17,1950.85,0.1378,"1,549.93",950.24,105.55,40.52,342.18,8.65,21.73,46.35,90.99,40.45,22.49,22.49,22.49,22.49,64.3,3116597.991
Ceat Limited,Mar '18,1506.3,-0.2279,"1,648.53",941.45,106.25,41.19,334.6,9.22,19.28,38.45,85.14,40.45,21.05,21.05,21.05,21.05,69.42,3147143.007
Ceat Limited,Jun '18,1258.15,-0.1647,"1,674.15",997.57,110.25,41.4,361.73,5.6,15.03,43.08,77.87,40.45,19.25,19.25,19.25,19.25,73.28,3127552.992
Ceat Limited,Sep '18,1141.05,-0.0931,"1,718.16","1,096.08",131.68,43.54,372.07,12.21,12.7,35.4,75.32,40.45,18.62,18.62,18.62,18.62,74.46,3193097.227
Ceat Limited,Dec '18,1306.4,0.1449,"1,673.41","1,172.08",131.41,43.43,400.96,6.4,16.07,28.23,58.03,40.45,14.35,14.35,14.35,14.35,60.53,3266006.55
Ceat Limited,Mar '19,1090.3,-0.1654,"1,717.45","1,007.91",118.61,45.93,379.91,32.38,20.72,14.15,77.69,40.45,19.21,19.21,19.21,19.21,69.25,3287871.77
Ceat Limited,Jun '19,923.6,-0.1529,"1,703.60",950.71,124,59.45,371.45,14.83,29.58,-1.12,86.99,40.45,21.5,21.5,21.5,21.5,61.78,3256509.346
Ceat Limited,Sep '19,957.1,0.0363,"1,645.31",958.92,112.22,61.94,386.68,17.09,29.5,29.8,65.88,40.45,16.29,16.29,16.29,16.29,61.32,3297491.819
Ceat Limited,Dec '19,988.85,0.0332,"1,708.57","1,023.06",134.02,64.76,411.96,5.67,30.07,29.7,62.05,40.45,15.34,15.34,15.34,15.34,61.48,3377602.651
JK Tyre and Industries Limited,Mar '14,35.47,0.0117,"1,583.89",966.35,94.68,38.2,233.78,6.08,66.72,13.4,30.9,41.06,7.53,7.37,7.53,7.37,105.9,2377153.849
JK Tyre and Industries Limited,Jun '14,64.76,0.8258,"1,566.74","1,033.75",104.28,34.57,237.14,3.21,65.08,22.86,38.98,41.06,9.49,9.11,9.49,9.11,105.75,2379355.815
JK Tyre and Industries Limited,Sep '14,97.84,0.5108,"1,531.86","1,003.22",110.69,34.33,241.23,3.24,60.76,32.07,58.2,41.06,14.17,13.34,14.17,13.34,87.12,2457010.248
JK Tyre and Industries Limited,Dec '14,130.5,0.3338,"1,523.07",942.19,114.88,35.33,247,3.66,57.68,30.16,70.24,41.06,3.42,3.18,3.42,3.18,54.74,2498611.783
JK Tyre and Industries Limited,Mar '15,105.1,-0.1946,"1,503.56",882.46,129.63,34.91,239.01,4.64,57.28,38.72,85.88,45.36,3.81,3.79,3.81,3.79,59.36,2560191
JK Tyre and Industries Limited,Jun '15,81.55,-0.2241,"1,502.08",870.87,124.12,38.73,247.29,2.83,60.53,54.37,104.86,45.36,4.62,4.62,4.62,4.62,55.12,2578225
JK Tyre and Industries Limited,Sep '15,101.95,0.2502,"1,506.83",870.23,135.07,41.58,249.56,4.1,55.72,51.47,109.7,45.36,4.84,4.84,4.84,4.84,45.09,2637004
JK Tyre and Industries Limited,Dec '15,111.1,0.0897,"1,371.95",777.52,136.82,44.44,235.95,3.17,55.37,41.85,92.17,45.36,4.06,4.06,4.06,4.06,31.43,2716448
JK Tyre and Industries Limited,Mar '16,84.2,-0.2421,"1,499.57",793.3,138.04,47.55,264.13,4.88,57.41,41.58,94.23,45.36,4.15,4.15,4.15,4.15,40.44,2798726.369
JK Tyre and Industries Limited,Jun '16,89.85,0.0671,"1,479.86",788.7,141.31,47.09,244.92,4.69,64.67,45.18,100.85,45.36,4.45,4.45,4.45,4.45,44.96,2791993.716
JK Tyre and Industries Limited,Sep '16,148.45,0.6522,"1,443.78",761.7,136.22,45.57,237.15,6.2,66.84,35.18,82.1,45.36,3.62,3.62,3.62,3.62,46.06,2835614.058
JK Tyre and Industries Limited,Dec '16,113.45,-0.2358,"1,421.90",774.3,132.7,46.69,243.51,4.12,70.07,46.32,78.17,45.36,3.45,3.45,3.45,3.45,53.89,2901950.786
JK Tyre and Industries Limited,Mar '17,131.95,0.1631,"1,633.58",875.47,124.67,44.23,276.24,44.65,66,0.89,71.01,45.36,3.13,3.13,3.13,3.13,51.51,2938107.454
JK Tyre and Industries Limited,Jun '17,160.85,0.219,"1,313.37",926.68,121.75,42.46,267.32,7.77,68.71,-35.76,-65.86,45.36,-2.9,-2.9,-2.9,-2.9,48.35,2946670.048
JK Tyre and Industries Limited,Sep '17,146.7,-0.088,"1,603.85",903.65,126.15,44.32,257.81,7.43,69.54,-0.91,3.06,45.36,0.13,0.13,0.13,0.13,57.3,3032795.021
JK Tyre and Industries Limited,Dec '17,147.65,0.0065,"1,732.66",974.01,133.23,44.33,287.48,10.93,67.76,16.62,29.29,45.36,1.29,1.29,1.29,1.29,64.3,3116597.991
JK Tyre and Industries Limited,Mar '18,162.95,0.1036,"1,803.47",944.4,142.47,44.02,282.9,6.32,68.11,40.81,76.6,45.36,3.38,3.38,3.38,3.38,69.42,3147143.007
JK Tyre and Industries Limited,Jun '18,121.85,-0.2522,"1,887.32",983.55,140.11,46.94,290.25,6,73.16,34,67.64,45.36,2.98,2.98,2.98,2.98,73.28,3127552.992
JK Tyre and Industries Limited,Sep '18,97.15,-0.2027,"1,943.12","1,096.57",148.34,47.63,287.33,53.41,77.35,36.38,76.51,45.36,3.37,3.37,3.37,3.37,74.46,3193097.227
JK Tyre and Industries Limited,Dec '18,103.7,0.0674,"1,922.59","1,085.23",146.88,46.79,292.99,8.94,79.72,15.68,34.41,45.36,1.52,1.52,1.52,1.52,60.53,3266006.55
JK Tyre and Industries Limited,Mar '19,90.15,-0.1307,"1,860.32",905.95,125.03,47,286.92,7.97,86.05,14.22,25.84,49.24,1.14,1.14,1.14,1.14,69.25,3287871.77
JK Tyre and Industries Limited,Jun '19,80.1,-0.1115,"1,804.18",878.92,138.02,57.95,269.31,5.22,84.9,3.1,17.33,49.24,0.7,0.7,0.7,0.7,61.78,3256509.346
JK Tyre and Industries Limited,Sep '19,70.1,-0.1248,"1,377.81",766.21,127.95,57.74,256.8,5.78,87.96,-144.88,197.01,49.24,8,8,8,8,61.32,3297491.819
JK Tyre and Industries Limited,Dec '19,74.9,0.0685,"1,561.43",790.6,143.98,58.44,260.94,6.21,85.21,6.09,22.45,49.24,0.91,0.91,0.91,0.91,61.48,3377602.651
Castrol India Limited,Mar '14,155.48,-0.0091,817,458.7,39.1,8.4,81.4,15.6,0.4,52.8,100.2,247.3,2.03,2.03,2.03,2.03,105.9,2377153.849
Castrol India Limited,Jun '14,162.35,0.0442,913.7,461.6,43.3,8.4,89.5,10.2,0.4,64.4,124.4,247.3,2.52,2.52,2.52,2.52,105.75,2379355.815
Castrol India Limited,Sep '14,214.65,0.3221,802.3,420.4,41.9,8.4,85.2,11.5,1,60.3,117.9,247.3,2.38,2.38,2.38,2.38,87.12,2457010.248
Castrol India Limited,Dec '14,251,0.1693,859.3,419.8,37.3,10.9,87.1,10.8,0.6,74.3,132,247.3,2.67,2.67,2.67,2.67,54.74,2498611.783
Castrol India Limited,Mar '15,236.82,-0.0565,799.2,383.7,42.2,11.1,88.2,43.5,0.3,76.1,146.7,247.3,2.97,2.97,2.97,2.97,59.36,2560191
Castrol India Limited,Jun '15,216.82,-0.0845,923.6,371.6,44.5,9.4,98.4,15.2,0.2,97.3,184.5,247.3,3.73,3.73,3.73,3.73,55.12,2578225
Castrol India Limited,Sep '15,221.27,0.0205,784.3,335.2,46.7,9.4,90.2,14.9,0.1,78.1,143.2,247.3,2.9,2.9,2.9,2.9,45.09,2637004
Castrol India Limited,Dec '15,220.68,-0.0027,790.9,297.9,43.2,9.1,109.5,22.3,0.2,84.2,140.8,247.3,2.85,2.85,2.85,2.85,31.43,2716448
Castrol India Limited,Mar '16,187.07,-0.1523,855.7,352.2,44.1,8.6,164.5,18.7,0.4,92.5,172.4,247.3,3.49,3.49,3.49,3.49,40.44,2798726.369
Castrol India Limited,Jun '16,189.5,0.013,970.8,350.8,42.6,14.9,112.3,17.3,0.7,112.1,206.9,247.3,4.18,4.18,4.18,4.18,44.96,2791993.716
Castrol India Limited,Sep '16,237.48,0.2532,761.7,311.6,45.8,10.7,89.6,15.5,0.1,77.8,139.8,247.3,2.83,2.83,2.83,2.83,46.06,2835614.058
Castrol India Limited,Dec '16,190.32,-0.1985,782.2,305.7,40.1,10.8,109.8,35.8,0.3,88.4,155.8,247.3,3.15,3.15,3.15,3.15,53.89,2901950.786
Castrol India Limited,Mar '17,216.2,0.136,882.2,364.9,49.8,12.3,164.9,18.5,0.3,90.2,179,247.3,3.62,3.62,3.62,3.62,51.51,2938107.454
Castrol India Limited,Jun '17,202.35,-0.0641,870.4,388.7,48.9,11.8,182.6,15.5,0.1,75.2,137.9,247.3,2.79,2.79,2.79,2.79,48.35,2946670.048
Castrol India Limited,Sep '17,178.3,-0.1189,861.4,351.6,46.2,11.1,168,33.3,0.2,97.4,178.2,247.28,3.6,3.6,3.6,3.6,57.3,3032795.021
Castrol India Limited,Dec '17,193.2,0.0836,970.3,369.5,50.7,10.3,174.2,16.4,0.6,115.4,196.7,494.6,1.99,1.99,1.99,1.99,64.3,3116597.991
Castrol India Limited,Mar '18,204.9,0.0606,927.1,412.3,46.9,14.3,176.5,22.8,0.7,100.3,181.8,494.6,1.84,1.84,1.84,1.84,69.42,3147143.007
Castrol India Limited,Jun '18,163.7,-0.2011,"1,017.20",450.9,52.5,13.2,195.7,17.3,0.3,91.3,164.2,494.6,1.66,1.66,1.66,1.66,73.28,3127552.992
Castrol India Limited,Sep '18,142.85,-0.1274,926.9,455.3,48.1,13.5,178.2,18.6,-0.2,82.3,150.4,494.6,1.52,1.52,1.52,1.52,74.46,3193097.227
Castrol India Limited,Dec '18,151.25,0.0588,"1,033.40",439.4,55.9,14.6,173.4,25.6,0.3,116.2,211.9,494.6,2.14,2.14,2.14,2.14,60.53,3266006.55
Castrol India Limited,Mar '19,164.75,0.0893,976.2,398.2,50.1,16.2,186.4,21.1,0.3,102.6,185,494.6,1.87,1.87,1.87,1.87,69.25,3287871.77
Castrol India Limited,Jun '19,132.55,-0.1954,"1,039.60",407.7,53.7,16.6,222.4,15.9,0.3,100.6,182.7,494.6,1.85,1.85,1.85,1.85,61.78,3256509.346
Castrol India Limited,Sep '19,136.05,0.0264,849.2,334.9,53.3,18.6,167.9,11.6,0.3,48.8,188.4,494.6,1.9,1.9,1.9,1.9,61.32,3297491.819
Castrol India Limited,Dec '19,129.3,-0.0496,"1,011.80",347.5,56,18.3,186.3,16.2,0.3,67.5,271.3,494.6,2.74,2.74,2.74,2.74,61.48,3377602.651
Indian Oil Corporation Limited,Mar '14,46.94,0.3153,"1,34,867.42","62,415.56","1,840.36","1,486.61","4,326.00",598.44,998.1,"2,906.42","9,389.85","2,427.95",38.67,38.67,38.67,38.67,105.9,2377153.849
Indian Oil Corporation Limited,Jun '14,57.43,0.2235,"1,24,956.69","57,202.42","1,478.38","1,494.88","6,277.74","1,817.22",913.94,"1,027.65","2,522.94","2,427.95",10.39,10.39,10.39,10.39,105.75,2379355.815
Indian Oil Corporation Limited,Sep '14,60.4,0.0517,"1,11,663.81","58,903.75","1,575.91",730.06,"7,767.56",457.2,"1,039.46",-379.84,-898.46,"2,427.95",-3.7,-3.7,-3.7,-3.7,87.12,2457010.248
Indian Oil Corporation Limited,Dec '14,55.38,-0.0832,"1,07,073.60","54,777.42","1,324.65","1,221.17","8,110.25",910.15,928.99,-647.81,"-2,636.80","2,427.95",-10.86,-10.86,-10.86,-10.86,54.74,2498611.783
Indian Oil Corporation Limited,Mar '15,61.44,0.1096,"93,832.03","34,166.35","2,725.84","1,082.55","7,318.81",959.48,552.88,"2,722.26","6,285.35","2,427.95",25.89,25.89,25.89,25.89,59.36,2560191
Indian Oil Corporation Limited,Jun '15,64.23,0.0454,"1,13,743.46","38,384.80","2,374.26","1,161.85","19,177.79",456.78,618.01,"2,845.56","6,590.83","2,427.95",27.81,27.81,27.81,27.81,55.12,2578225
Indian Oil Corporation Limited,Sep '15,67.03,0.0436,"84,612.23","39,375.23","1,640.83","1,148.31","8,032.71",472.39,757.97,108.67,-450.24,"2,427.95",-0.95,-0.95,-0.95,-0.95,45.09,2637004
Indian Oil Corporation Limited,Dec '15,71.43,0.0655,"82,675.86","34,746.26","1,716.29","1,191.34","6,549.86",648.35,640.57,"1,548.89","3,095.75","2,427.95",6.53,6.53,6.53,6.53,31.43,2716448
Indian Oil Corporation Limited,Mar '16,65.6,-0.0816,"78,415.51","29,759.24","1,382.64","1,317.07","8,147.27",741.36,"15,553.18","15,560.70","2,005.89","2,427.95",4.23,4.23,4.23,4.23,40.44,2798726.369
Indian Oil Corporation Limited,Jun '16,73.5,0.1204,"86,077.19","33,219.29","1,771.61","1,435.00","6,924.72",473.85,680.04,"3,769.80","8,268.98","2,427.95",34.9,34.9,34.9,34.9,44.96,2791993.716
Indian Oil Corporation Limited,Sep '16,97.08,0.3209,"80,370.11","36,960.99","1,871.74","1,504.81","6,396.51",854.13,614.67,"1,384.98","3,121.89","2,427.95",6.58,6.58,6.58,6.58,46.06,2835614.058
Indian Oil Corporation Limited,Dec '16,108.35,0.1161,"93,116.70","39,705.80","1,812.55","1,554.12","9,483.08",792.91,996.67,"2,195.82","3,994.91","4,855.90",8.43,8.43,8.43,8.43,53.89,2901950.786
Indian Oil Corporation Limited,Mar '17,129.02,0.1907,"1,00,337.51","47,024.17","4,201.99","1,729.04","12,053.96","2,059.34","1,154.05",-135.76,"3,720.62","4,855.90",7.85,7.85,7.85,7.85,51.51,2938107.454
Indian Oil Corporation Limited,Jun '17,128.4,-0.0048,"1,05,434.23","45,608.03","2,414.06","1,721.31","7,195.96","1,227.61",718.04,"2,239.32","4,548.51","4,855.90",9.6,9.6,9.6,9.6,48.35,2946670.048
Indian Oil Corporation Limited,Sep '17,133.5,0.0397,"90,566.72","38,726.45","2,363.98","1,697.00","7,531.49",587.76,772.6,"1,795.12","3,696.29","4,855.90",7.8,7.8,7.8,7.8,57.3,3032795.021
Indian Oil Corporation Limited,Dec '17,129.52,-0.0298,"1,10,666.93","50,046.96","2,359.52","1,715.07","7,684.56","1,353.43",654.91,"4,368.97","7,883.22","4,855.90",16.63,16.63,16.63,16.63,64.3,3116597.991
Indian Oil Corporation Limited,Mar '18,117.73,-0.091,"1,17,368.54","54,398.68","2,941.85","1,941.59","8,649.04",248.1,"1,302.89","2,814.75","5,218.10","9,711.81",5.51,5.51,5.51,5.51,69.42,3147143.007
Indian Oil Corporation Limited,Jun '18,104,-0.1166,"1,29,475.00","61,685.86","2,368.57","1,787.93","9,976.89",585.33,"1,031.06","3,511.04","6,831.13","9,711.81",7.21,7.21,7.21,7.21,73.28,3127552.992
Indian Oil Corporation Limited,Sep '18,102.23,-0.017,"1,32,034.75","69,447.07","3,706.11","1,809.05","11,596.24","1,040.67","1,187.83","1,558.81","3,246.93","9,711.81",3.43,3.43,3.43,3.43,74.46,3193097.227
Indian Oil Corporation Limited,Dec '18,91.37,-0.1063,"1,39,968.87","80,463.52","2,163.82","1,860.61","6,850.12",443.06,847.92,627.8,716.82,"9,711.81",0.76,0.76,0.76,0.76,60.53,3266006.55
Indian Oil Corporation Limited,Mar '19,107.53,0.1769,"1,26,214.07","58,083.16","2,863.67","2,056.70","8,619.55","1,059.45","1,244.22","2,535.12","6,099.27","9,414.16",6.46,6.46,6.46,6.46,69.25,3287871.77
Indian Oil Corporation Limited,Jun '19,103.93,-0.0335,"1,31,512.46","64,313.30","2,388.11","2,092.85","8,248.43",631.37,"1,509.08","1,783.29","3,596.11","9,414.16",3.92,3.92,3.92,3.92,61.78,3256509.346
Indian Oil Corporation Limited,Sep '19,98.27,-0.0545,"1,11,689.68","61,515.65","2,233.54","2,097.54","9,722.04",648.05,"1,308.25",251.06,563.42,"9,414.16",0.61,0.61,0.61,0.61,61.32,3297491.819
Indian Oil Corporation Limited,Dec '19,83.7,-0.1482,"1,24,615.23","60,476.75","2,057.01","2,186.19","9,016.36",569.71,"1,311.68","1,383.15","2,339.02","9,414.16",2.55,2.55,2.55,2.55,61.48,3377602.651
Kirloskar Industries Limited,Mar '14,309,0.1705,1.65,,0.32,0.76,1.27,5.85,,1.45,3.06,9.71,3.15,3.15,3.15,3.15,105.9,2377153.849
Kirloskar Industries Limited,Jun '14,372.9,0.2068,2.3,,0.25,0.76,0.94,5.88,,1.86,4.05,9.71,4.17,4.17,4.17,4.17,105.75,2379355.815
Kirloskar Industries Limited,Sep '14,589.9,0.5819,2.74,,0.23,-0.28,0.95,30.98,,1.91,30.2,9.71,31.11,31.11,31.11,31.11,87.12,2457010.248
Kirloskar Industries Limited,Dec '14,579,-0.0185,2.87,,0.22,0.23,1.49,5.83,,1.8,4.64,9.71,4.77,4.77,4.77,4.77,54.74,2498611.783
Kirloskar Industries Limited,Mar '15,531,-0.0829,1.47,,0.37,0.21,0.89,10.41,,3.59,6.24,9.71,5.43,5.43,5.43,5.43,59.36,2560191
Kirloskar Industries Limited,Jun '15,570,0.0734,0.8,,0.23,0.22,0.82,9.6,,2.1,6.69,9.71,6.89,6.89,6.89,6.89,55.12,2578225
Kirloskar Industries Limited,Sep '15,574,0.007,1.79,,0.2,0.23,1.21,29.41,,2.28,26.79,9.71,27.59,27.59,27.59,27.59,45.09,2637004
Kirloskar Industries Limited,Dec '15,644.75,0.1233,1.38,,0.21,0.22,1.16,9.23,,2.03,6.57,9.71,6.77,6.77,6.77,6.77,31.43,2716448
Kirloskar Industries Limited,Mar '16,615.5,-0.0454,0.78,,0.46,0.22,1.09,23.71,,1.72,20.2,9.71,20.8,20.8,20.8,20.8,40.44,2798726.369
Kirloskar Industries Limited,Jun '16,687.85,0.1175,1.44,,0.25,0.22,2.02,9.04,,2.05,5.94,9.71,6.12,6.12,6.12,6.12,44.96,2791993.716
Kirloskar Industries Limited,Sep '16,858.3,0.2478,0.7,,0.28,0.22,1.72,16.6,,2.11,12.97,9.71,13.36,13.36,13.36,13.36,46.06,2835614.058
Kirloskar Industries Limited,Dec '16,824,-0.04,0.53,,0.27,0.22,1.7,9.34,,2.01,5.67,9.71,5.84,5.84,5.84,5.84,53.89,2901950.786
Kirloskar Industries Limited,Mar '17,1105.45,0.3416,0.86,,0.67,0.34,2.59,9.45,,2.47,4.24,9.71,4.37,4.37,4.37,4.37,51.51,2938107.454
Kirloskar Industries Limited,Jun '17,1260,0.1398,0.47,,0.46,0.25,1.56,9.45,,2.18,5.47,9.71,5.64,5.64,5.64,5.64,48.35,2946670.048
Kirloskar Industries Limited,Sep '17,1458.95,0.1579,0.51,,0.99,0.35,2.06,38.04,,1.46,33.69,9.71,34.69,34.69,34.69,34.69,57.3,3032795.021
Kirloskar Industries Limited,Dec '17,1524,0.0446,0.87,,3.01,0.49,2.33,8.89,,1.63,2.3,9.71,2.36,2.36,2.36,2.36,64.3,3116597.991
Kirloskar Industries Limited,Mar '18,1184.15,-0.223,0.63,,5.38,0.49,4.18,21.53,,0.59,11.52,9.71,11.87,11.86,11.87,11.86,69.42,3147143.007
Kirloskar Industries Limited,Jun '18,1122.05,-0.0524,0.62,,1.71,0.54,2.72,9.82,0.42,1.57,3.48,9.71,3.58,3.58,3.58,3.58,73.28,3127552.992
Kirloskar Industries Limited,Sep '18,967.85,-0.1374,30.54,,1.51,0.67,1.11,8.12,0.38,3.16,31.83,9.71,32.78,32.78,32.78,32.78,74.46,3193097.227
Kirloskar Industries Limited,Dec '18,890,-0.0804,2,,1.63,0.67,3.95,6.97,0.31,0.63,1.78,9.71,1.84,1.84,1.84,1.84,60.53,3266006.55
Kirloskar Industries Limited,Mar '19,771,-0.1337,11.59,,1.56,0.68,2.97,8.26,0.29,1.93,12.42,9.71,12.79,12.79,12.79,12.79,69.25,3287871.77
Kirloskar Industries Limited,Jun '19,770.4,-0.0008,1.97,,0.85,0.7,2.79,6.94,0.3,1.4,2.87,9.71,2.95,2.95,2.95,2.95,61.78,3256509.346
Kirloskar Industries Limited,Sep '19,687.95,-0.107,28.01,,1.32,0.74,2.47,8.96,0.31,2.25,29.88,9.71,30.78,30.78,30.78,30.78,61.32,3297491.819
Kirloskar Industries Limited,Dec '19,612,-0.1104,1.67,,1,0.75,2.72,6.95,0.32,0.64,3.19,9.71,3.29,3.29,3.29,3.29,61.48,3377602.651
Exide Industries Limited,Mar '14,120.95,-0.0167,"1,612.98","1,062.14",86.96,32.58,229.19,9.81,-0.02,64,132.14,85,1.55,1.55,1.55,1.55,105.9,2377153.849
Exide Industries Limited,Jun '14,144.75,0.1968,"1,912.36","1,329.51",100.01,32.33,254.22,8.74,0.24,82,185.3,85,2.18,2.18,2.18,2.18,105.75,2379355.815
Exide Industries Limited,Sep '14,169.45,0.1706,"1,763.34","1,321.23",108.29,32.9,264.1,6.86,0.41,55.5,125.76,85,1.48,1.48,1.48,1.48,87.12,2457010.248
Exide Industries Limited,Dec '14,178,0.0505,"1,558.65",967.91,101.98,35.21,231.7,1.24,0.75,48.25,97.23,85,1.14,1.14,1.14,1.14,54.74,2498611.783
Exide Industries Limited,Mar '15,177.7,-0.0017,"1,651.82","1,180.93",106.5,39.08,249.35,5.65,0.27,66.87,137.59,85,1.61,1.61,1.61,1.61,59.36,2560191
Exide Industries Limited,Jun '15,148.15,-0.1663,"1,810.58","1,005.26",109.74,36.19,273.83,3.1,0.21,76.44,155.71,85,1.83,1.83,1.83,1.83,55.12,2578225
Exide Industries Limited,Sep '15,155.3,0.0483,"1,745.81",970.4,116.86,37.78,288.11,8.43,0.01,70.86,155.08,85,1.82,1.82,1.82,1.82,45.09,2637004
Exide Industries Limited,Dec '15,146.15,-0.0589,"1,536.28",905.37,117.24,40.03,262.28,7.46,0.05,68.07,138.46,85,1.63,1.63,1.63,1.63,31.43,2716448
Exide Industries Limited,Mar '16,139.65,-0.0445,"1,771.10","1,105.08",123.19,43.93,305.05,22.62,1.4,68.35,175.21,85,2.06,2.06,2.06,2.06,40.44,2798726.369
Exide Industries Limited,Jun '16,169.65,0.2148,"2,011.07","1,180.27",129.07,49.1,312.71,14.28,1.71,82.38,196.05,85,2.31,2.31,2.31,2.31,44.96,2791993.716
Exide Industries Limited,Sep '16,183.25,0.0802,"1,928.89","1,210.93",132.01,50.6,325.09,19.02,0.58,79.26,181.32,85,2.13,2.13,2.13,2.13,46.06,2835614.058
Exide Industries Limited,Dec '16,180,-0.0177,"1,729.27","1,301.92",128.17,52.18,333.91,35.02,4.61,56.37,151.49,85,1.78,1.78,1.78,1.78,53.89,2901950.786
Exide Industries Limited,Mar '17,223.95,0.2442,"1,975.69","1,293.16",130.32,54.44,346.79,21.52,,64.08,164.78,85,1.94,1.94,1.94,1.94,51.51,2938107.454
Exide Industries Limited,Jun '17,219.95,-0.0179,"2,102.88","1,496.50",143.02,56.3,312.39,13.21,1.56,90.62,189,85,2.22,2.22,2.22,2.22,48.35,2946670.048
Exide Industries Limited,Sep '17,205.55,-0.0655,"2,371.32","1,315.96",148.04,59.67,338.9,13.87,2.12,70.61,135.52,85,1.6,1.6,1.6,1.6,57.3,3032795.021
Exide Industries Limited,Dec '17,222.85,0.0842,"2,276.54","1,722.74",152.32,62.54,351.43,11.05,0.93,75.89,154.27,85,1.82,1.82,1.82,1.82,64.3,3116597.991
Exide Industries Limited,Mar '18,221.95,-0.004,"2,459.41","1,699.45",153.79,67.43,364.41,20.28,0.63,100.69,189.56,85,2.23,2.23,2.23,2.23,69.42,3147143.007
Exide Industries Limited,Jun '18,258.2,0.1633,"2,772.46","1,752.03",161.97,71.88,377.66,4.2,1.12,112.2,209.92,85,2.47,2.47,2.47,2.47,73.28,3127552.992
Exide Industries Limited,Sep '18,265.15,0.0269,"2,720.35","1,786.23",164.86,76.81,402.16,11.64,1.38,106.04,268.41,85,3.16,3.16,3.16,3.16,74.46,3193097.227
Exide Industries Limited,Dec '18,267.05,0.0072,"2,496.84","1,722.24",163.18,81.33,400.77,7.99,2.31,81.84,155.04,85,1.82,1.82,1.82,1.82,60.53,3266006.55
Exide Industries Limited,Mar '19,221.2,-0.1717,"2,598.66","1,728.08",147.65,83.48,390.41,16.6,1.24,94.45,210.68,85,2.48,2.48,2.48,2.48,69.25,3287871.77
Exide Industries Limited,Jun '19,201.3,-0.09,"2,779.25","1,656.08",166.71,86.42,412.86,16.41,1.79,111.61,224.29,85,2.64,2.64,2.64,2.64,61.78,3256509.346
Exide Industries Limited,Sep '19,195.1,-0.0308,"2,610.86","1,668.39",174.26,89.81,404.45,5.55,1.78,43.89,237.29,85,2.79,2.79,2.79,2.79,61.32,3297491.819
Exide Industries Limited,Dec '19,186.5,-0.0441,"2,411.46","1,674.59",167.11,92.54,385.35,25.12,2.14,32.64,195.93,85,2.31,2.31,2.31,2.31,61.48,3377602.651
Scooters India Limited,Mar '14,16.25,0,48.45,33.92,8.31,0.33,3.64,7.8,0,,10.8,85.38,1.27,1.27,1.27,1.27,105.9,2377153.849
Scooters India Limited,Jun '14,31.25,0.9231,35.35,23.17,8.04,0.32,3.49,1.52,0.05,,0.96,85.38,0.11,0.11,0.11,0.11,105.75,2379355.815
Scooters India Limited,Sep '14,25.6,-0.1808,42.48,18.81,8.06,0.32,2.18,1.9,0.06,,1.14,85.38,0.13,0.13,0.13,0.13,87.12,2457010.248
Scooters India Limited,Dec '14,32.6,0.2734,38.53,34.42,8.34,0.82,2.01,1.52,0.01,,4.61,85.38,0.54,0.54,0.54,0.54,54.74,2498611.783
Scooters India Limited,Mar '15,25.55,-0.2163,35.65,36.82,11.04,1.06,3.64,1.38,0.17,,4.38,85.38,0.51,0.51,0.51,0.51,59.36,2560191
Scooters India Limited,Jun '15,23.55,-0.0783,28.59,15.98,8.21,0.46,2.93,1.47,0.4,,0.69,85.38,0.08,0.08,0.08,0.08,55.12,2578225
Scooters India Limited,Sep '15,31.85,0.3524,37.44,14.4,7.57,0.48,2.66,1.41,0.41,,0.34,85.38,0.04,0.04,0.04,0.04,45.09,2637004
Scooters India Limited,Dec '15,27.5,-0.1366,38.25,21.58,8.77,0.47,2.69,1.22,0.27,0.14,0.57,85.38,0.07,0.07,0.07,0.07,31.43,2716448
Scooters India Limited,Mar '16,25.75,-0.0636,34.82,24.39,12.12,0.48,4.02,5.44,0.27,0.15,3.88,85.38,0.45,0.45,0.45,0.45,40.44,2798726.369
Scooters India Limited,Jun '16,26.95,0.0466,27.83,13.35,7.25,0.4,2.96,1.05,0.22,,-2.83,85.38,-0.33,-0.33,-0.33,-0.33,44.96,2791993.716
Scooters India Limited,Sep '16,40.85,0.5158,24.67,8.31,7,0.42,1.7,1.05,0.21,,-3.51,85.38,-0.41,-0.41,-0.41,-0.41,46.06,2835614.058
Scooters India Limited,Dec '16,38.15,-0.0661,27.69,10.7,6.48,0.41,1.43,0.98,0.17,0.26,-0.22,85.38,-0.03,-0.03,-0.03,-0.03,53.89,2901950.786
Scooters India Limited,Mar '17,40,0.0485,16.26,22.05,11.37,0.42,3.71,1.15,0.21,,-3.71,85.38,-0.43,-0.43,-0.43,-0.43,51.51,2938107.454
Scooters India Limited,Jun '17,47.5,0.1875,1.16,0.61,6.6,0.39,1.15,1.24,0.38,,-6.46,85.38,-0.76,-0.76,-0.76,-0.76,48.35,2946670.048
Scooters India Limited,Sep '17,42.2,-0.1116,8.97,4.04,5.6,0.39,0.91,4.61,0.21,,-4.7,85.38,-0.55,-0.55,-0.55,-0.55,57.3,3032795.021
Scooters India Limited,Dec '17,50.6,0.1991,19.38,8.89,5.12,0.4,1.21,0.27,,,-4.24,85.38,-0.5,-0.5,-0.5,-0.5,64.3,3116597.991
Scooters India Limited,Mar '18,60.45,0.1947,20.95,12.29,5.87,0.58,1.72,0.44,,,-3.22,85.38,-0.39,-0.39,-0.39,-0.39,69.42,3147143.007
Scooters India Limited,Jun '18,39.8,-0.3416,10.78,6.84,5.18,0.48,1.17,0.4,,,-2.52,85.38,-0.29,-0.29,-0.29,-0.29,73.28,3127552.992
Scooters India Limited,Sep '18,34.85,-0.1244,18.33,8.28,5.71,0.48,1.46,0.79,,,-0.08,87.27,-0.01,-0.01,-0.01,-0.01,74.46,3193097.227
Scooters India Limited,Dec '18,40.7,0.1679,16,13.8,5.31,0.48,1.36,0.44,,,-0.61,87.27,-0.07,-0.07,-0.07,-0.07,60.53,3266006.55
Scooters India Limited,Mar '19,33.2,-0.1843,18.73,16.55,6.1,0.5,3.01,0.51,,,-1.43,87.27,-0.22,-0.22,-0.22,-0.22,69.25,3287871.77
Scooters India Limited,Jun '19,27.65,-0.1672,13.69,8.45,5.14,0.48,3.14,0.3,,,-6.65,87.27,-0.76,-0.76,-0.76,-0.76,61.78,3256509.346
Scooters India Limited,Sep '19,27.85,0.0072,17.67,8.4,4.82,0.48,1.55,0.32,,,-3.41,87.27,-0.39,-0.39,-0.39,-0.39,61.32,3297491.819
Scooters India Limited,Dec '19,30.9,0.1095,20.02,11.18,4.87,0.48,3.87,0.33,,,-2.13,87.27,-0.24,-0.24,-0.24,-0.24,61.48,3377602.651
Amara Raja Batteries Limited,Mar '14,394.4,0.1738,887.94,550.22,41.46,18.95,114.55,6.12,0.6,40.35,80.05,17.08,4.69,4.69,4.69,4.69,105.9,2377153.849
Amara Raja Batteries Limited,Jun '14,470.8,0.1937,"1,029.03",613.07,47.05,30.96,118.99,5.88,0.02,44.47,105.96,17.08,6.2,6.2,6.2,6.2,105.75,2379355.815
Amara Raja Batteries Limited,Sep '14,598.45,0.2711,"1,065.59",668.03,48,36.64,129.48,5.58,0.04,53.93,100.3,17.08,5.87,5.87,5.87,5.87,87.12,2457010.248
Amara Raja Batteries Limited,Dec '14,821.4,0.3725,"1,066.45",673.64,49.49,28.8,141.31,4.7,0.06,53.55,102.34,17.08,5.99,5.99,5.99,5.99,54.74,2498611.783
Amara Raja Batteries Limited,Mar '15,833.05,0.0142,"1,069.84",594.73,50.55,37.6,141.26,6.56,0.12,47.05,102.26,17.08,5.99,5.99,5.99,5.99,59.36,2560191
Amara Raja Batteries Limited,Jun '15,883.35,0.0604,"1,130.55",636.26,55.89,32.84,140.47,13.55,1.28,57.23,122.32,17.08,7.16,7.16,7.16,7.16,55.12,2578225
Amara Raja Batteries Limited,Sep '15,1029.65,0.1656,"1,151.12",644.31,57.94,34.29,151.99,11.24,1.28,52.16,123.43,17.08,7.23,7.23,7.23,7.23,45.09,2637004
Amara Raja Batteries Limited,Dec '15,861.8,-0.163,"1,212.31",749.49,61.73,35.53,171.62,11.35,1.59,67.45,136.82,17.08,8.01,8.01,8.01,8.01,31.43,2716448
Amara Raja Batteries Limited,Mar '16,877.6,0.0183,"1,144.87",712.08,62.35,37.63,177.27,9.74,1.38,54.17,109.06,17.08,6.38,6.38,6.38,6.38,40.44,2798726.369
Amara Raja Batteries Limited,Jun '16,868.55,-0.0103,"1,320.84",741.7,65.59,44.08,153.22,8.95,1.4,60.09,130.66,17.08,7.65,7.65,7.65,7.65,44.96,2791993.716
Amara Raja Batteries Limited,Sep '16,1010.8,0.1638,"1,345.54",843.24,69.31,45.69,181.81,11.98,1.49,58.19,136.32,17.08,7.98,7.98,7.98,7.98,46.06,2835614.058
Amara Raja Batteries Limited,Dec '16,870.3,-0.139,"1,328.33",932.32,72.33,46.91,186.78,13.25,1.38,56.59,112.32,17.08,6.58,6.58,6.58,6.58,53.89,2901950.786
Amara Raja Batteries Limited,Mar '17,890.05,0.0227,"1,344.46",934.9,70.52,49.89,175.17,15.06,1.5,48.85,99.19,17.08,5.81,5.81,5.81,5.81,51.51,2938107.454
Amara Raja Batteries Limited,Jun '17,839.6,-0.0567,"1,497.45",927.37,80.78,54.42,175.18,13.68,1.37,50.87,99.85,17.08,5.85,5.85,5.85,5.85,48.35,2946670.048
Amara Raja Batteries Limited,Sep '17,709,-0.1556,"1,427.50",864.21,74.16,58.35,173.23,12.23,1.25,63.5,127.22,17.08,7.45,7.45,7.45,7.45,57.3,3032795.021
Amara Raja Batteries Limited,Dec '17,840.2,0.185,"1,553.46","1,086.74",75.76,58.74,197.17,16.76,1.13,64.02,134.45,17.08,7.87,7.87,7.87,7.87,64.3,3116597.991
Amara Raja Batteries Limited,Mar '18,795,-0.0538,"1,580.74","1,043.39",78.29,58.83,205.1,23.7,1.31,64.49,109.8,17.08,6.43,6.43,6.43,6.43,69.42,3147143.007
Amara Raja Batteries Limited,Jun '18,726.15,-0.0866,"1,778.67","1,181.24",84.27,62.95,202.29,13.71,1.49,56.5,113.03,17.08,6.62,6.62,6.62,6.62,73.28,3127552.992
Amara Raja Batteries Limited,Sep '18,739.95,0.019,"1,753.05","1,216.25",92.83,64.25,212.5,14.24,1.82,64.56,120.23,17.08,7.04,7.04,7.04,7.04,74.46,3193097.227
Amara Raja Batteries Limited,Dec '18,742.85,0.0039,"1,694.66","1,189.36",86.61,65.68,215.81,12.5,1.79,66.91,130.89,17.08,7.66,7.66,7.66,7.66,60.53,3266006.55
Amara Raja Batteries Limited,Mar '19,717.45,-0.0342,"1,566.73","1,016.21",81.52,68.32,221.43,6.32,1.85,58.91,119.34,17.08,6.99,6.99,6.99,6.99,69.25,3287871.77
Amara Raja Batteries Limited,Jun '19,619.95,-0.1359,"1,814.95","1,003.46",98.53,73.31,211.04,10.23,2.89,72.3,140.91,17.08,8.25,8.25,8.25,8.25,61.78,3256509.346
Amara Raja Batteries Limited,Sep '19,717.6,0.1575,"1,695.31","1,103.31",98.56,75.03,217.75,17.95,3.37,12.98,218.85,17.08,12.81,12.81,12.81,12.81,61.32,3297491.819
Amara Raja Batteries Limited,Dec '19,724.35,0.0094,"1,747.81","1,111.27",94.41,76.45,242.14,12.76,2.9,52.95,164.41,17.08,9.63,9.63,9.63,9.63,61.48,3377602.651